image,xgb_fake_probability,true_label
F29.jpg,0.6789747,1
n02099601_10248.JPEG,0.48054984,0
94TWNOX3KP.jpg,0.6314354,1
379_biggan_00020.png,0.8161408,1
835_biggan_00152.png,0.96243614,1
619_biggan_00001.png,0.4414439,1
XNDOL7WDDL.jpg,0.42935604,1
XO1BBH63N6.jpg,0.47211662,1
n02894605_97608.JPEG,0.16438356,0
TYUZTEGLLT.jpg,0.5197382,1
n02115641_2334.JPEG,0.038499493,0
30578.jpg,0.42433387,0
37923.jpg,0.47619957,0
ILSVRC2012_val_00028842.JPEG,0.3446876,0
01691.jpg,0.40108922,0
LAOUOW32UF.jpg,0.41068134,1
LOZR1GJ3OG.jpg,0.462166,1
BR1RQO3WEP.jpg,0.4324738,1
16597.jpg,0.5202438,0
30729.jpg,0.5016838,0
44DHUB08QY.jpg,0.529808,1
579_biggan_00121.png,0.42887548,1
05572.jpg,0.5679727,0
n03483316_7759.JPEG,0.04719749,0
62424.jpg,0.79356396,0
6EYFQWS1JN.jpg,0.65530676,1
671_biggan_00067.png,0.9438837,1
04622.jpg,0.51685536,0
n03933933_19126.JPEG,0.016148001,0
ILSVRC2012_val_00039182.JPEG,0.5782873,0
12183.jpg,0.5575157,0
UIJIRK4RK9.jpg,0.61017233,1
ILONQW5B7Q.jpg,0.60448205,1
46774.jpg,0.4070333,0
n02090622_3016.JPEG,0.37338203,0
441_biggan_00078.png,0.57385826,1
JJYUZFSCKI.jpg,0.8186531,1
H7GCMNINHX.jpg,0.5031874,1
n03733805_20866.JPEG,0.11405958,0
3KCFVBLVLM.jpg,0.4535017,1
65975.jpg,0.37785372,0
02225.jpg,0.49002004,0
AZSG6VYT77.jpg,0.37365535,1
250_biggan_00054.png,0.9671417,1
JJ0O6NKDJS.jpg,0.52284086,1
52060.jpg,0.28141373,0
903_biggan_00021.png,0.73144394,1
Z40GVM6O2H.jpg,0.50202596,1
278_biggan_00143.png,0.9594551,1
15543.jpg,0.37749138,0
082_biggan_00069.png,0.97465354,1
3ADUPQXXLA.jpg,0.5282813,1
IVT6MVIR6Y.jpg,0.4057848,1
00962.jpg,0.50830764,0
375_biggan_00007.png,0.7122171,1
n03207941_7720.JPEG,0.12035677,0
26164.jpg,0.47858825,0
GWOUJLDJMI.jpg,0.502666,1
599_biggan_00166.png,0.96903604,1
2BA62TT0TO.jpg,0.35504743,1
O7LRERGZKG.jpg,0.60323787,1
692_biggan_00137.png,0.95308465,1
W1HTABEL76.jpg,0.446706,1
24504.jpg,0.27554566,0
29451.jpg,0.5987136,0
KS0EQPJAA5.jpg,0.6220096,1
19748.jpg,0.3151521,0
7DH5RJN2CT.jpg,0.52637845,1
57636.jpg,0.5232053,0
29080.jpg,0.36566693,0
n03876231_4806.JPEG,0.007990753,0
CXK1Q2R2CC.jpg,0.55850965,1
n02110958_11127.JPEG,0.36876354,0
UBHOVPBPYH.jpg,0.6795035,1
n01748264_8140.JPEG,0.49123695,0
1GZT9O2RIA.jpg,0.5020667,1
R9.jpg,0.7226381,0
ILSVRC2012_val_00044966.JPEG,0.46889085,0
37502.jpg,0.5994764,0
WKZLG0G2ZI.jpg,0.39825478,1
M417KTJ910.jpg,0.6144475,1
347_biggan_00060.png,0.8813627,1
NPTHJEVXC2.jpg,0.58234453,1
7GIQ4VAIQD.jpg,0.3764027,1
ILSVRC2012_val_00011924.JPEG,0.2222945,0
F22.jpg,0.6251047,1
374_biggan_00058.png,0.94402426,1
n02536864_149.JPEG,0.5083596,0
845_biggan_00006.png,0.69931614,1
JAJRWHIFKW.jpg,0.4635058,1
n03594734_25176.JPEG,0.13281775,0
03035.jpg,0.51364213,0
ZPBVW03Q1F.jpg,0.6098735,1
599_biggan_00012.png,0.98347294,1
n02018207_10456.JPEG,0.5309332,0
221_biggan_00020.png,0.98612493,1
740_biggan_00188.png,0.45518935,1
n04041544_36013.JPEG,0.6393783,0
JMDIH5H20S.jpg,0.5876482,1
43923.jpg,0.67289996,0
ILSVRC2012_val_00005929.JPEG,0.3780334,0
LM9LKZNIUQ.jpg,0.5595283,1
8BU97UQ4S9.jpg,0.48257244,1
KECQONDDEM.jpg,0.47920662,1
426_biggan_00067.png,0.3997984,1
n02110341_10192.JPEG,0.017351648,0
502_biggan_00183.png,0.44081444,1
44965.jpg,0.57590854,0
309_biggan_00020.png,0.7063863,1
6Y8LWYL4DF.jpg,0.29685315,1
07134.jpg,0.50100875,0
887_biggan_00114.png,0.8406795,1
KVKRV0RFU6.jpg,0.56138855,1
B37Q2IAF13.jpg,0.57192445,1
59049.jpg,0.32239732,0
D7SQW9ZP90.jpg,0.4656716,1
854_biggan_00143.png,0.5409427,1
50779.jpg,0.579694,0
15428.jpg,0.5537993,0
FWQJ5Z2OUA.jpg,0.5711138,1
935_biggan_00039.png,0.80805326,1
623_biggan_00083.png,0.23525481,1
371_biggan_00137.png,0.9088307,1
04154.jpg,0.14253756,0
n04398044_25775.JPEG,0.49016583,0
69U0B7N4ZI.jpg,0.6047319,1
QYP3ZJGKSD.jpg,0.4475778,1
35840.jpg,0.47872347,0
48514.jpg,0.3285194,0
4O0DI4SE1X.jpg,0.6739309,1
302_biggan_00039.png,0.696932,1
38226.jpg,0.47888196,0
n02797295_833.JPEG,0.23973344,0
148_biggan_00067.png,0.5043781,1
J6K7450NNH.jpg,0.39656475,1
57610.jpg,0.6848869,0
n02092339_6489.JPEG,0.016602986,0
27920.jpg,0.5739346,0
ILSVRC2012_val_00015593.JPEG,0.13733667,0
58365.jpg,0.808192,0
ILSVRC2012_val_00032640.JPEG,0.3959362,0
ILSVRC2012_val_00010941.JPEG,0.022211215,0
LJKOLHEFE1.jpg,0.6874702,1
711_biggan_00000.png,0.7340464,1
R13.JPG,0.08217421,0
n01667114_1678.JPEG,0.099966355,0
2TYJ67MYN8.jpg,0.40904483,1
XT60416GGE.jpg,0.41161996,1
LWKUHC5G5Y.jpg,0.5091274,1
XBJ11LS67O.jpg,0.7452886,1
RWDD999795.jpg,0.37337476,1
IB78OZWW6T.jpg,0.4820566,1
29660.jpg,0.4713983,0
45917.jpg,0.7521694,0
57X5EN51BA.jpg,0.5691145,1
462_biggan_00007.png,0.76826084,1
24731.jpg,0.40486795,0
58619.jpg,0.4036637,0
ILSVRC2012_val_00032669.JPEG,0.38201052,0
25510.jpg,0.3600601,0
ILSVRC2012_val_00039512.JPEG,0.19735074,0
7ZDVXEZ9Z7.jpg,0.65730244,1
n04485082_23910.JPEG,0.08632792,0
3TSB0ZK5JU.jpg,0.49604088,1
68433.jpg,0.42618492,0
GR6J3JA0JF.jpg,0.42346808,1
02798.jpg,0.60016274,0
6RQL4KEPDI.jpg,0.44146684,1
n02536864_11794.JPEG,0.40251255,0
947_biggan_00035.png,0.9751717,1
H3VH6KREU6.jpg,0.5514998,1
57796.jpg,0.21096483,0
ILSVRC2012_val_00030541.JPEG,0.16477649,0
n03868863_4330.JPEG,0.22887164,0
01836.jpg,0.37702045,0
TTGWA9UCJ9.jpg,0.61873025,1
780_biggan_00107.png,0.5824599,1
H8WRND9RNQ.jpg,0.49934942,1
30303.jpg,0.409245,0
37221.jpg,0.528014,0
03179.jpg,0.49814853,0
n09421951_32171.JPEG,0.6505882,0
915W76TT7F.jpg,0.56228155,1
9RHMZ8RZH1.jpg,0.5374464,1
12708.jpg,0.66620475,0
921_biggan_00031.png,0.46374366,1
DOBDZXQ34M.jpg,0.5790874,1
HKD3KNQ4RG.jpg,0.25873557,1
n02727426_11499.JPEG,0.13741954,0
49607.jpg,0.5295999,0
n02701002_17068.JPEG,0.019761832,0
WTKYMVB8BV.jpg,0.6848154,1
454_biggan_00127.png,0.8691625,1
ICK4V7RT5G.jpg,0.49870116,1
18011.jpg,0.44787732,0
1N0TMO5VGN.jpg,0.6608918,1
LSU9I4PKVK.jpg,0.5098375,1
50IQYBXW9T.jpg,0.3950552,1
0Q0WXAAJCU.jpg,0.4530321,1
47569.jpg,0.63797164,0
TG4V2OYHS8.jpg,0.026015965,1
338_biggan_00185.png,0.94636023,1
RTDGNYDT33.jpg,0.58336115,1
47176.jpg,0.48765114,0
159_biggan_00046.png,0.68001646,1
K84NP8AHXZ.jpg,0.67585313,1
446_biggan_00169.png,0.441762,1
n11879895_6722.JPEG,0.008589318,0
G2RO1SFIQY.jpg,0.5678774,1
62453.jpg,0.4517591,0
n03000134_1812.JPEG,0.32314515,0
09499.jpg,0.5523335,0
15185.jpg,0.64431417,0
07780.jpg,0.4151023,0
n02814533_95175.JPEG,0.060943257,0
48990.jpg,0.49849233,0
n01950731_14487.JPEG,0.36358833,0
61011.jpg,0.5800307,0
n02106550_437.JPEG,0.30596545,0
61497.jpg,0.37358728,0
n04090263_10210.JPEG,0.5364184,0
n03207743_1511.JPEG,0.67622656,0
22035.jpg,0.56897575,0
638_biggan_00020.png,0.53388035,1
04572.jpg,0.5019392,0
813_biggan_00007.png,0.3468708,1
DD27Q5R8DQ.jpg,0.48218936,1
V7CE6U6ZNN.jpg,0.35818774,1
07141.jpg,0.6122663,0
PXY6JWXT9H.jpg,0.7040595,1
VU90E29ATJ.jpg,0.64147925,1
956_biggan_00115.png,0.80713636,1
12039.jpg,0.40727156,0
762_biggan_00047.png,0.82621014,1
02585.jpg,0.47608045,0
AT1XFEJSHC.jpg,0.4285467,1
626_biggan_00031.png,0.5300771,1
839_biggan_00013.png,0.6043746,1
FB0FVBDJGM.jpg,0.14915217,1
R1PYSJXOKD.jpg,0.86867744,1
Y9XCE6R5SK.jpg,0.62173,1
010_biggan_00176.png,0.9336165,1
12795.jpg,0.38210452,0
1EX90NT34A.jpg,0.43617553,1
679_biggan_00024.png,0.4203974,1
15120.jpg,0.49470618,0
n02795169_69964.JPEG,0.06336012,0
578_biggan_00183.png,0.54404646,1
216_biggan_00188.png,0.85188353,1
ADCCO6CS1P.jpg,0.59096676,1
706_biggan_00173.png,0.6613737,1
982_biggan_00156.png,0.39272466,1
19399.jpg,0.7548709,0
n07880968_3849.JPEG,0.2875981,0
GRGN2T15B3.jpg,0.49645853,1
n01833805_3958.JPEG,0.031401996,0
TY4MSJIGII.jpg,0.6159276,1
WWRWBORX9A.jpg,0.52215135,1
62212.jpg,0.5138267,0
49750.jpg,0.5635614,0
919_biggan_00137.png,0.24261455,1
0PH3QLS8XO.jpg,0.7200166,1
4OP5V77ZFW.jpg,0.65135217,1
n01877812_5803.JPEG,0.014102988,0
3X12GUTFZJ.jpg,0.23278935,1
052_biggan_00076.png,0.9726847,1
n07932039_1692.JPEG,0.46422198,0
61546.jpg,0.6154309,0
38373.jpg,0.38147175,0
39594.jpg,0.41970706,0
VFEWB0F2XR.jpg,0.32563218,1
6GYBZUIQ1W.jpg,0.67486924,1
22003.jpg,0.4891109,0
n04465501_2308.JPEG,0.54462093,0
ILSVRC2012_val_00040469.JPEG,0.49666193,0
RO1D5FLIE3.jpg,0.6199321,1
n03814906_2538.JPEG,0.05798762,0
0KSFJELBJW.jpg,0.73618674,1
38662.jpg,0.49900705,0
BT5IWYH31N.jpg,0.6714441,1
26706.jpg,0.34109694,0
00030.jpg,0.49333355,0
29504.jpg,0.64042443,0
491_biggan_00004.png,0.55685586,1
VPDLQXT5H4.jpg,0.47855398,1
11445.jpg,0.44753188,0
n03314780_3283.JPEG,0.7317314,0
22743.jpg,0.48063356,0
1IYU36LML5.jpg,0.21056703,1
2SAQ00AP5N.jpg,0.493474,1
415_biggan_00181.png,0.9306166,1
G5Z3Q0XBA5.jpg,0.3698127,1
14124.jpg,0.36794475,0
4JI6HSB3E1.jpg,0.3026184,1
823_biggan_00153.png,0.53312975,1
n02823428_14867.JPEG,0.11782547,0
005_biggan_00086.png,0.97736937,1
69424.jpg,0.5067793,0
515_biggan_00105.png,0.8421476,1
614_biggan_00149.png,0.9598975,1
36734.jpg,0.4526221,0
179_biggan_00115.png,0.9725323,1
56629.jpg,0.7471756,0
45IDMJGJPK.jpg,0.5681163,1
n02500267_12802.JPEG,0.008119772,0
FQKRWCV5V1.jpg,0.641153,1
W4W8KLL3AH.jpg,0.5606236,1
n02114548_33681.JPEG,0.16949782,0
3531I3M5NT.jpg,0.37614006,1
01764.jpg,0.71357244,0
600_biggan_00143.png,0.1685583,1
n01818515_40587.JPEG,0.21923816,0
4FMEZ1ZRJF.jpg,0.3710787,1
LI45QVHWF3.jpg,0.43594703,1
05308.jpg,0.56564075,0
47893.jpg,0.496047,0
53476.jpg,0.421592,0
6TOP50DF8O.jpg,0.31905207,1
44245.jpg,0.53885967,0
309_biggan_00120.png,0.98127663,1
46547.jpg,0.25315842,0
673_biggan_00127.png,0.46370926,1
382_biggan_00039.png,0.89927566,1
14187.jpg,0.56997895,0
630_biggan_00127.png,0.55412287,1
1PACL3R1PT.jpg,0.56828654,1
ADUJ6JNXYZ.jpg,0.57526356,1
540_biggan_00024.png,0.4261816,1
49259.jpg,0.5095876,0
E9NKC1X893.jpg,0.41504937,1
UQ8WPSXNUN.jpg,0.52269715,1
39787.jpg,0.33817685,0
204_biggan_00020.png,0.5875639,1
2F9RZQOUI5.jpg,0.55630106,1
10139.jpg,0.6385841,0
10259.jpg,0.45313254,0
L4QLEF2858.jpg,0.54431736,1
n03786901_4727.JPEG,0.96113575,0
02669.jpg,0.6727939,0
n01614925_1902.JPEG,0.036224518,0
008_biggan_00039.png,0.98187274,1
OXITWRVCSK.jpg,0.68205845,1
67027.jpg,0.5058754,0
58427.jpg,0.6272335,0
10731.jpg,0.55907726,0
979_biggan_00036.png,0.98165303,1
073_biggan_00098.png,0.35390836,1
579_biggan_00173.png,0.44714776,1
61301.jpg,0.54718786,0
24VHZAICCG.jpg,0.57604814,1
XX3GX00SIG.jpg,0.48835257,1
2HR9W2FW75.jpg,0.5075574,1
745_biggan_00196.png,0.42566314,1
02724.jpg,0.28661987,0
20893.jpg,0.47854814,0
ILSVRC2012_val_00001717.JPEG,0.13078041,0
RBHTVYW8XW.jpg,0.59932464,1
n02088466_2002.JPEG,0.4954041,0
864_biggan_00191.png,0.42972806,1
41399.jpg,0.6137717,0
423_biggan_00169.png,0.3041273,1
WQFLPLJW0Z.jpg,0.5149964,1
ILSVRC2012_val_00011267.JPEG,0.006659017,0
122_biggan_00059.png,0.94364405,1
59696.jpg,0.6269785,0
963RD2S5R9.jpg,0.59687674,1
2IAMFKEPL1.jpg,0.6113314,1
21836.jpg,0.49170157,0
43602.jpg,0.48455542,0
52222.jpg,0.3657615,0
27269.jpg,0.42057604,0
66JXJM6BEU.jpg,0.47561622,1
8KJROM9V47.jpg,0.64729637,1
34590.jpg,0.3933128,0
22008.jpg,0.5500483,0
481_biggan_00120.png,0.4210608,1
08315.jpg,0.4493941,0
ILSVRC2012_val_00015054.JPEG,0.41678208,0
n03935335_5093.JPEG,0.38650006,0
470_biggan_00186.png,0.48762017,1
288_biggan_00148.png,0.9741702,1
33618.jpg,0.52047145,0
50754.jpg,0.5130475,0
07158.jpg,0.5248373,0
n03720891_2533.JPEG,0.25174582,0
35505.jpg,0.597,0
08225.jpg,0.46096864,0
276_biggan_00123.png,0.97941214,1
ILSVRC2012_val_00032734.JPEG,0.234153,0
RVKM1F375U.jpg,0.018286133,1
NJDEP3IRHT.jpg,0.5450938,1
56650.jpg,0.38769856,0
409_biggan_00176.png,0.14608015,1
3F9YE5VVSW.jpg,0.323178,1
n01955084_7409.JPEG,0.15004677,0
640_biggan_00198.png,0.9798314,1
02593.jpg,0.5286004,0
MMT8LRG9K2.jpg,0.5536225,1
622_biggan_00171.png,0.7010064,1
10SRGCTBEP.jpg,0.5682966,1
58487.jpg,0.55693483,0
58296.jpg,0.44854555,0
743_biggan_00012.png,0.86259085,1
OYSDWS5OFL.jpg,0.8478232,1
XGK3PHPURW.jpg,0.4445513,1
597_biggan_00044.png,0.60538256,1
29032.jpg,0.44218162,0
804_biggan_00121.png,0.7049169,1
KE85XOZ6IF.jpg,0.30625913,1
n13133613_43185.JPEG,0.29252443,0
57145.jpg,0.4369323,0
24157.jpg,0.49642774,0
772_biggan_00119.png,0.94033796,1
13846.jpg,0.5057324,0
n04380533_113.JPEG,0.1729604,0
67253.jpg,0.43679246,0
EX6SM1GPL1.jpg,0.61384714,1
OY049L857D.jpg,0.50081825,1
226_biggan_00035.png,0.9191466,1
22925.jpg,0.7417843,0
26634.jpg,0.4690609,0
677KS8B0Z6.jpg,0.3871029,1
ILSVRC2012_val_00022447.JPEG,0.393447,0
987_biggan_00153.png,0.95842475,1
51218.jpg,0.52018493,0
01698.jpg,0.5036596,0
n09421951_1610.JPEG,0.43506154,0
5B0D474KPS.jpg,0.5546481,1
20425.jpg,0.56803256,0
501_biggan_00104.png,0.93077254,1
n02096177_11269.JPEG,0.1416793,0
n03770679_3148.JPEG,0.056285374,0
10OTKKARVE.jpg,0.44512147,1
33680.jpg,0.49410218,0
944_biggan_00113.png,0.94378847,1
ILSVRC2012_val_00035468.JPEG,0.16872308,0
7DN0BOPQZM.jpg,0.5169179,1
46355.jpg,0.43140587,0
9GMVX002AO.jpg,0.4963685,1
n04259630_5632.JPEG,0.46899867,0
NUN9MKW9CM.jpg,0.6590656,1
38965.jpg,0.65191025,0
022_biggan_00036.png,0.3175454,1
26831.jpg,0.5628551,0
52489.jpg,0.47847596,0
J33WUQITJB.jpg,0.5500755,1
n02088364_6963.JPEG,0.005596117,0
T5SS3DFPB6.jpg,0.5413892,1
2HRDQI629H.jpg,0.52764595,1
43151.jpg,0.6033456,0
41736.jpg,0.44693166,0
7DSFTVG470.jpg,0.48074907,1
20611.jpg,0.60436213,0
25714.jpg,0.06433472,0
258_biggan_00184.png,0.704534,1
33806.jpg,0.4239533,0
n03530642_36656.JPEG,0.051030364,0
D9CFFGKXJF.jpg,0.62235975,1
191_biggan_00022.png,0.8886984,1
59684.jpg,0.68455,0
GMVJ5DU369.jpg,0.75197744,1
IADH6K2XCS.jpg,0.25500977,1
X3NVJH6B62.jpg,0.49970764,1
3EO2YT5MFK.jpg,0.69975215,1
05639.jpg,0.11157211,0
600_biggan_00121.png,0.5286178,1
64900.jpg,0.67606384,0
n02276258_11708.JPEG,0.4544459,0
887_biggan_00118.png,0.59339666,1
49GUJH0F3G.jpg,0.54907197,1
TFPKCZ8CGN.jpg,0.65136886,1
721_biggan_00180.png,0.47754064,1
67723.jpg,0.89790815,0
28620.jpg,0.8183347,0
n01978455_5666.JPEG,0.38819394,0
34629.jpg,0.64994234,0
04557.jpg,0.6411913,0
339_biggan_00039.png,0.9564158,1
ILSVRC2012_val_00002347.JPEG,0.4120853,0
ILSVRC2012_val_00005873.JPEG,0.21582219,0
n04273569_17455.JPEG,0.682711,0
09PFDBR91X.jpg,0.6235217,1
26822.jpg,0.5022136,0
n03770439_14886.JPEG,0.009557513,0
n02808440_37899.JPEG,0.6332448,0
68423.jpg,0.16139142,0
850_biggan_00160.png,0.7493324,1
44643.jpg,0.50251716,0
59369.jpg,0.3891111,0
644_biggan_00020.png,0.61384255,1
47651.jpg,0.6528739,0
n01986214_5728.JPEG,0.56452274,0
623_biggan_00054.png,0.44577768,1
n01980166_3138.JPEG,0.30458128,0
HEO9K7S0IR.jpg,0.6342887,1
27465.jpg,0.3413171,0
55715.jpg,0.66858596,0
NFFIE7ZTKT.jpg,0.94030243,1
n02454379_8684.JPEG,0.026316788,0
CPBHDJWDS7.jpg,0.6329461,1
1JZQXJV5FS.jpg,0.65552455,1
n03594945_8349.JPEG,0.4957745,0
37BUZXS9RL.jpg,0.57403016,1
n01582220_501.JPEG,0.295042,0
ILSVRC2012_val_00000386.JPEG,0.71377647,0
36187.jpg,0.4028075,0
ILSVRC2012_val_00010274.JPEG,0.013986512,0
RWAH4BYNC8.jpg,0.5959497,1
8A6OFAFRG4.jpg,0.39691424,1
196_biggan_00110.png,0.956638,1
Q9HZLMI576.jpg,0.52620065,1
n02108089_15432.JPEG,0.33733472,0
38810.jpg,0.5871593,0
32031.jpg,0.6727715,0
2PW1OE0VYD.jpg,0.3583986,1
056_biggan_00047.png,0.9749553,1
18489.jpg,0.41863945,0
8T0ARGJW01.jpg,0.52869207,1
P3XMXSQ64H.jpg,0.5344845,1
474_biggan_00138.png,0.70079184,1
42001.jpg,0.574247,0
n07718472_6034.JPEG,0.13863999,0
ILSVRC2012_val_00044667.JPEG,0.5457493,0
313_biggan_00046.png,0.5426096,1
666_biggan_00062.png,0.8669678,1
n03290653_7477.JPEG,0.29034,0
612_biggan_00155.png,0.49494913,1
080_biggan_00016.png,0.35592166,1
9ELSMFJ4QT.jpg,0.5425868,1
665_biggan_00143.png,0.6974521,1
69458.jpg,0.6445932,0
63430.jpg,0.4693272,0
39LPNZ419X.jpg,0.7445837,1
TRN1HA2L5L.jpg,0.5238817,1
QY6OOUN59G.jpg,0.66737545,1
64028.jpg,0.18837628,0
635_biggan_00014.png,0.4483278,1
PBLOSZQ3PN.jpg,0.6459249,1
ILSVRC2012_val_00032833.JPEG,0.1858016,0
n03063599_5398.JPEG,0.40360093,0
53554.jpg,0.079594664,0
10761.jpg,0.47692484,0
n04259630_9325.JPEG,0.032802317,0
883_biggan_00096.png,0.61302906,1
P05HE02980.jpg,0.46822193,1
267_biggan_00127.png,0.7196637,1
265_biggan_00145.png,0.610289,1
n02979186_1198.JPEG,0.3883321,0
XQHZEPQBZL.jpg,0.4780507,1
SXZD1VL53V.jpg,0.38222378,1
08858.jpg,0.54242635,0
29602.jpg,0.48349527,0
46510.jpg,0.52167404,0
N6AP82D8AS.jpg,0.4286053,1
n02980441_2762.JPEG,0.034546457,0
ILSVRC2012_val_00020856.JPEG,0.30514887,0
EYEPI7AWKD.jpg,0.5191425,1
9JZE28MAW0.jpg,0.53157735,1
NQB8CDQF1X.jpg,0.40780938,1
948_biggan_00063.png,0.552339,1
21926.jpg,0.4538852,0
EEHN6PKITA.jpg,0.74522364,1
QJTHSXA99F.jpg,0.44469184,1
ZEJE4JD5UI.jpg,0.64121234,1
WKBY6K7DH3.jpg,0.31413454,1
KANW1RG5QZ.jpg,0.6440092,1
24936.jpg,0.58346105,0
Q4LSRVM0GL.jpg,0.6579542,1
n03874599_11927.JPEG,0.4586075,0
343_biggan_00087.png,0.9760725,1
27661.jpg,0.6439228,0
VN40CXZL63.jpg,0.5373365,1
37005.jpg,0.603873,0
06409.jpg,0.1921843,0
700_biggan_00030.png,0.54564965,1
66358.jpg,0.5674594,0
UJKC3Q2AV5.jpg,0.7246961,1
MWSG1HP5GJ.jpg,0.42040557,1
JU20CWXY2Q.jpg,0.4786862,1
n02086910_10958.JPEG,0.62591714,0
FFQGGXUEHN.jpg,0.4986697,1
12968.jpg,0.43158656,0
03854.jpg,0.44974685,0
35451.jpg,0.47775465,0
7JCD5QB9B5.jpg,0.46854454,1
40240.jpg,0.26166058,0
17858.jpg,0.5703908,0
NPN8UPOQBF.jpg,0.5084866,1
IT42PD6XA5.jpg,0.6478119,1
14062.jpg,0.363534,0
EUOU1KVFNE.jpg,0.42990208,1
11932.jpg,0.6236186,0
12KF75ORWM.jpg,0.6616541,1
Q4X2SIEBJC.jpg,0.52495116,1
ZBOMNGKFVA.jpg,0.45008698,1
729_biggan_00076.png,0.51204896,1
02S93BS396.jpg,0.5330569,1
F3EITYXPBW.jpg,0.36718124,1
n03535780_40344.JPEG,0.20142372,0
027_biggan_00032.png,0.9091232,1
45362.jpg,0.53901947,0
54866.jpg,0.5617451,0
AMOC8BC087.jpg,0.5343149,1
n01616318_603.JPEG,0.16083771,0
1ERG2MMKJL.jpg,0.68439776,1
ILSVRC2012_val_00028365.JPEG,0.06425858,0
06538.jpg,0.58556414,0
TSO5HAL5R7.jpg,0.5343184,1
22620.jpg,0.38075367,0
39214.jpg,0.61616015,0
602_biggan_00069.png,0.6756746,1
n02093428_329.JPEG,0.032188576,0
56226.jpg,0.3005842,0
546_biggan_00035.png,0.6603015,1
64329.jpg,0.5467608,0
02708.jpg,0.3749399,0
R3KPLV9TFR.jpg,0.48697454,1
539_biggan_00131.png,0.5805915,1
PLCCUJ8P26.jpg,0.671294,1
3OQAVC64FO.jpg,0.39332154,1
079_biggan_00097.png,0.559175,1
15170.jpg,0.6913152,0
RNJSGKOM3K.jpg,0.50452954,1
23RESGK08E.jpg,0.57386994,1
01869.jpg,0.65132624,0
35183.jpg,0.51725835,0
510_biggan_00103.png,0.9789585,1
5917LNBV7N.jpg,0.49193227,1
FNRGAVFA33.jpg,0.427637,1
25778.jpg,0.3100129,0
5DSNE9DFY9.jpg,0.6680368,1
n01882714_15168.JPEG,0.33365893,0
463HN294XO.jpg,0.4071424,1
409_biggan_00000.png,0.31652445,1
n02017213_1435.JPEG,0.21777394,0
313_biggan_00127.png,0.37869564,1
OP9CG1KHHS.jpg,0.37779415,1
62549.jpg,0.40581962,0
41951.jpg,0.42675957,0
87BTNLC2W1.jpg,0.48148513,1
2HBSCT2XFT.jpg,0.65440947,1
39465.jpg,0.4902834,0
DEPX1LEU2F.jpg,0.7413125,1
57358.jpg,0.5021607,0
12908.jpg,0.56339425,0
52941.jpg,0.51649547,0
06400.jpg,0.3759675,0
19653.jpg,0.5341492,0
8VZWFQY7PW.jpg,0.43450174,1
7YTC24JVZK.jpg,0.11327709,1
39346.jpg,0.43272823,0
62072.jpg,0.60028535,0
63606.jpg,0.57997805,0
C14521K4LD.jpg,0.67818147,1
1YF0TNPKDK.jpg,0.6002103,1
386_biggan_00128.png,0.94758147,1
26411.jpg,0.221714,0
734_biggan_00129.png,0.41886878,1
21080.jpg,0.36792922,0
n03483316_24785.JPEG,0.40851304,0
WGR02DSNJH.jpg,0.3951536,1
644_biggan_00094.png,0.5193247,1
J0BEOWDGIO.jpg,0.6519373,1
I84NEX1M9Z.jpg,0.45146072,1
11899.jpg,0.5048661,0
52586.jpg,0.49531546,0
KEPQ544L7J.jpg,0.60485494,1
19250.jpg,0.40744072,0
n10148035_15662.JPEG,0.36762473,0
402_biggan_00105.png,0.34756193,1
27321.jpg,0.53598434,0
4A8Q1YZQ8S.jpg,0.3745418,1
297_biggan_00127.png,0.5677862,1
48743.jpg,0.14898594,0
47563.jpg,0.60423565,0
SCGFUCUVY7.jpg,0.5904789,1
609_biggan_00031.png,0.47003472,1
RQNLK52DZA.jpg,0.639377,1
28892.jpg,0.47388119,0
XJ6GBEGG5W.jpg,0.6555084,1
H2KY4AJXRO.jpg,0.37246883,1
n01737021_9498.JPEG,0.6857094,0
ACY3834BO6.jpg,0.6661245,1
52949.jpg,0.60647374,0
68952.jpg,0.43319598,0
HS3NMAF0K3.jpg,0.62133116,1
69524.jpg,0.4038606,0
n02843684_36704.JPEG,0.10739341,0
9UEIADQ797.jpg,0.70097107,1
01WIL4POL6.jpg,0.50328934,1
67485.jpg,0.38459632,0
n02101006_357.JPEG,0.3625671,0
n03207941_5677.JPEG,0.67870164,0
0JPZKGZDQK.jpg,0.43407425,1
20817.jpg,0.44260642,0
69499.jpg,0.3556557,0
465_biggan_00163.png,0.9687715,1
964_biggan_00047.png,0.68460274,1
24761.jpg,0.5033857,0
4UW4CFRUUL.jpg,0.67445564,1
C1DIZ3ZC62.jpg,0.7494859,1
ILSVRC2012_val_00046366.JPEG,0.3870625,0
ULXRHZUX3M.jpg,0.51251453,1
T6FY8C5XBM.jpg,0.53396803,1
249_biggan_00077.png,0.97091067,1
G169C9THTW.jpg,0.6263133,1
025_biggan_00051.png,0.8380431,1
n03710721_5390.JPEG,0.3885222,0
32388.jpg,0.51905555,0
06304.jpg,0.34639898,0
59495.jpg,0.45940718,0
n02097130_12807.JPEG,0.009195193,0
69486.jpg,0.46766812,0
F5HVOCW3C5.jpg,0.45660076,1
ILSVRC2012_val_00023267.JPEG,0.50889015,0
W527COVG9R.jpg,0.3382068,1
57021.jpg,0.3624049,0
ILSVRC2012_val_00011354.JPEG,0.5460299,0
n02110185_12587.JPEG,0.31048638,0
QGGY5WDDAC.jpg,0.60029763,1
n02783161_6087.JPEG,0.13163607,0
49566.jpg,0.3375575,0
45681.jpg,0.43386248,0
413_biggan_00110.png,0.7604631,1
52348.jpg,0.4850437,0
n04070727_3609.JPEG,0.40804458,0
SET3R43EB7.jpg,0.46327206,1
n01855672_4642.JPEG,0.5727074,0
YTPPH1N3SA.jpg,0.5012988,1
24803.jpg,0.42062473,0
QRQ8ER53RM.jpg,0.52384365,1
W88EA3VLLA.jpg,0.5092103,1
09970.jpg,0.4011166,0
886_biggan_00117.png,0.71427506,1
0UHN1BZZ9B.jpg,0.47978616,1
ILSVRC2012_val_00040515.JPEG,0.8183765,0
6Z5NVIP7FY.jpg,0.55126786,1
YSHP3B7LXV.jpg,0.52055746,1
12109.jpg,0.52628464,0
505_biggan_00139.png,0.46527,1
00241.jpg,0.51339716,0
02313.jpg,0.4515027,0
62095.jpg,0.34593186,0
16250.jpg,0.38022247,0
180_biggan_00060.png,0.90754205,1
UQX9K5MLLA.jpg,0.46795484,1
OEJMLM5HGH.jpg,0.8260616,1
FVYQUEIFZE.jpg,0.84306675,1
n03095699_4411.JPEG,0.15423806,0
467_biggan_00060.png,0.5568899,1
910_biggan_00127.png,0.6398325,1
17691.jpg,0.6613609,0
n03124170_6083.JPEG,0.52136666,0
37149.jpg,0.57347596,0
4NFI441S4G.jpg,0.6614264,1
17782.jpg,0.5853654,0
289_biggan_00054.png,0.8082955,1
184_biggan_00091.png,0.91888493,1
67260.jpg,0.59549457,0
68366.jpg,0.6270955,0
0DX2W9VBR5.jpg,0.6886966,1
EE4ESUZN9L.jpg,0.6698924,1
n04371774_15322.JPEG,0.58509105,0
324_biggan_00161.png,0.41889778,1
58210.jpg,0.60619426,0
n03775071_7716.JPEG,0.013844671,0
14905.jpg,0.53769815,0
47814.jpg,0.17416912,0
621_biggan_00074.png,0.4053287,1
PQLHEXFZU4.jpg,0.49355286,1
ILSVRC2012_val_00043530.JPEG,0.5011436,0
65667.jpg,0.40183678,0
n02100236_3878.JPEG,0.9854683,0
21335.jpg,0.695444,0
67626.jpg,0.18728498,0
14049.jpg,0.36035752,0
T65HXKRT5F.jpg,0.5351358,1
61388.jpg,0.2937957,0
478_biggan_00169.png,0.70352405,1
HM9DMAQXXZ.jpg,0.4844174,1
049_biggan_00020.png,0.90409243,1
n02364673_5338.JPEG,0.66806906,0
FPJW868ZI4.jpg,0.5753876,1
763_biggan_00148.png,0.566793,1
YGC0ZG6ZLB.jpg,0.5729234,1
27652.jpg,0.36101624,0
860_biggan_00077.png,0.85022825,1
AGQAZBGQBH.jpg,0.30856407,1
17042.jpg,0.6554398,0
68879.jpg,0.6234437,0
60186.jpg,0.5384917,0
n01693334_12364.JPEG,0.4575154,0
10567.jpg,0.5361335,0
A2UVLSOD20.jpg,0.81065834,1
14405.jpg,0.4824889,0
26487.jpg,0.45932296,0
22487.jpg,0.51284593,0
4ZDAXJERZX.jpg,0.49982136,1
09585.jpg,0.50058395,0
38368.jpg,0.3811935,0
ILSVRC2012_val_00030741.JPEG,0.0063094627,0
T4DOKS4T0N.jpg,0.5386431,1
288_biggan_00020.png,0.954888,1
61885.jpg,0.45885876,0
ZCJN4XOW5C.jpg,0.54333645,1
01479.jpg,0.38815135,0
66164.jpg,0.5264899,0
31508.jpg,0.4479621,0
140_biggan_00020.png,0.86554104,1
J4EHFMDBTK.jpg,0.42756626,1
27172.jpg,0.26494864,0
3137X0T7Q5.jpg,0.5957008,1
V8ULW0I8WO.jpg,0.4951187,1
53560.jpg,0.56113356,0
44178.jpg,0.5075698,0
07689.jpg,0.61474735,0
40523.jpg,0.4402621,0
n04254120_1064.JPEG,0.2510434,0
25434.jpg,0.5146044,0
n07716906_3377.JPEG,0.542699,0
n04026417_23347.JPEG,0.010116497,0
13370.jpg,0.46016625,0
46610.jpg,0.384869,0
n03691459_2155.JPEG,0.6806517,0
233_biggan_00074.png,0.9782649,1
540_biggan_00020.png,0.34879676,1
020_biggan_00016.png,0.98329264,1
44439.jpg,0.6126046,0
ILSVRC2012_val_00006085.JPEG,0.13869675,0
FAE1S0DP3E.jpg,0.5342191,1
26598.jpg,0.32064676,0
45054.jpg,0.2348668,0
n02444819_2868.JPEG,0.83581823,0
58076.jpg,0.5646554,0
L4VN1KY60G.jpg,0.33845803,1
FVC29GBDHE.jpg,0.5079026,1
NRB9IJQ56T.jpg,0.45546398,1
CPA66DAOJZ.jpg,0.5324054,1
n02264363_7709.JPEG,0.390192,0
41473.jpg,0.5715732,0
318_biggan_00110.png,0.43094686,1
541_biggan_00050.png,0.67293936,1
Q83TKUAXL2.jpg,0.5714084,1
ZXGH5PIXZS.jpg,0.44657892,1
BL7NXPATFL.jpg,0.5248404,1
4Y1YGBWL9M.jpg,0.44104072,1
n02363005_15276.JPEG,0.31820112,0
P9K78Q7L7M.jpg,0.4607746,1
JPXBO21OCV.jpg,0.58265066,1
737_biggan_00077.png,0.9301505,1
10192.jpg,0.55597544,0
931_biggan_00117.png,0.6579204,1
A269IFEO0K.jpg,0.5972484,1
48118.jpg,0.57991374,0
n02087046_3331.JPEG,0.46798277,0
107_biggan_00016.png,0.97682536,1
423_biggan_00059.png,0.32152504,1
43218.jpg,0.5185698,0
n02489166_9464.JPEG,0.31377003,0
58850.jpg,0.6929886,0
06300.jpg,0.49792528,0
891_biggan_00005.png,0.59378797,1
n02894605_12596.JPEG,0.09988498,0
G03QMAP7FA.jpg,0.34878486,1
28753.jpg,0.36304793,0
905YTF28JI.jpg,0.47007424,1
27845.jpg,0.5895961,0
GZPXQ7KN2H.jpg,0.5157196,1
V42T1MXITC.jpg,0.5653953,1
36177.jpg,0.5784817,0
05415.jpg,0.73539656,0
507_biggan_00171.png,0.59398973,1
927_biggan_00155.png,0.5939417,1
555_biggan_00170.png,0.5600138,1
0HSKZ89627.jpg,0.5014112,1
100_biggan_00043.png,0.87377274,1
776_biggan_00074.png,0.45873702,1
13447.jpg,0.6382025,0
03372.jpg,0.5492116,0
47151.jpg,0.5161678,0
V6JHE4RGIJ.jpg,0.59505856,1
U03ZZCD6AI.jpg,0.50733334,1
68690.jpg,0.5296023,0
38936.jpg,0.42328838,0
953_biggan_00023.png,0.9776999,1
093_biggan_00037.png,0.9613222,1
43726.jpg,0.17348482,0
68058.jpg,0.45572695,0
06684.jpg,0.43157762,0
GGW5RGII71.jpg,0.3972492,1
10196.jpg,0.30056852,0
42135.jpg,0.48598152,0
YI3R91IU9G.jpg,0.39248756,1
58169.jpg,0.6105729,0
GO9RY8O4J7.jpg,0.59921443,1
22521.jpg,0.48009634,0
MTE85QLNZN.jpg,0.60389787,1
2ZLRAV75WG.jpg,0.54593146,1
37428.jpg,0.38132858,0
0M7ROXTAWH.jpg,0.35187268,1
47785.jpg,0.36063427,0
L606AHF00P.jpg,0.17920572,1
5F1M717ERU.jpg,0.40946624,1
97CQ9P9OTJ.jpg,0.39873052,1
43983.jpg,0.555527,0
79JL83L9H1.jpg,0.5630869,1
JH6L3A4KYS.jpg,0.6256789,1
341_biggan_00068.png,0.83249164,1
QFVHVDUJF6.jpg,0.6592881,1
RYPKHI77YZ.jpg,0.49486557,1
V5B2G96PNP.jpg,0.43289465,1
34806.jpg,0.4262286,0
ILSVRC2012_val_00021615.JPEG,0.6262788,0
773_biggan_00074.png,0.76401883,1
U49IWCX3O1.jpg,0.63576907,1
1NPH9Z2ETN.jpg,0.7505586,1
552_biggan_00141.png,0.5620387,1
RRS9HWV3XX.jpg,0.874015,1
n03594945_37108.JPEG,0.10045136,0
990_biggan_00118.png,0.9547325,1
n02106550_344.JPEG,0.010080419,0
D118OVS373.jpg,0.6074291,1
06B3SMWZIJ.jpg,0.17430651,1
YQ6URKRQX8.jpg,0.46941796,1
23924.jpg,0.46649987,0
434_biggan_00110.png,0.54632854,1
6HIEXFEMY6.jpg,0.55229634,1
17208.jpg,0.4142957,0
NB5VFH2U5A.jpg,0.6637239,1
471_biggan_00020.png,0.8441992,1
n04597913_5043.JPEG,0.3685416,0
n02481823_6458.JPEG,0.34202355,0
55576.jpg,0.3729615,0
UH2Z6JSQID.jpg,0.48586044,1
27IUZ57IPY.jpg,0.46130478,1
n02669723_13551.JPEG,0.09780492,0
n02328150_1893.JPEG,0.31827453,0
2RGATBNW2E.jpg,0.61587554,1
371_biggan_00069.png,0.9416393,1
33038.jpg,0.48983136,0
670_biggan_00149.png,0.6076664,1
E2UIM3540M.jpg,0.3913068,1
AMA688UGHF.jpg,0.40366852,1
n01698640_8039.JPEG,0.037110783,0
KHDAHUZA9U.jpg,0.5232853,1
ILSVRC2012_val_00020370.JPEG,0.019144427,0
52372.jpg,0.45122254,0
725_biggan_00180.png,0.55474657,1
HU41DHE0GA.jpg,0.36624482,1
75AN6I6PBM.jpg,0.3807459,1
34KEYMM4ST.jpg,0.6146278,1
63467.jpg,0.526932,0
01935.jpg,0.3751011,0
252_biggan_00032.png,0.6945292,1
L0D4GEHVQC.jpg,0.5740702,1
n02110958_9930.JPEG,0.17279334,0
VDSC00AI97.jpg,0.7256652,1
4Q6N7Y0BY0.jpg,0.64839584,1
14WB12NX5W.jpg,0.5743118,1
ILSVRC2012_val_00041465.JPEG,0.0100612845,0
604_biggan_00177.png,0.37050694,1
PIIWSD3PUR.jpg,0.5204844,1
F7FE1N10E6.jpg,0.48066247,1
02098.jpg,0.44221145,0
48459.jpg,0.32061425,0
33831.jpg,0.28005978,0
57434.jpg,0.5171467,0
826_biggan_00165.png,0.10763833,1
67127.jpg,0.5834096,0
54674.jpg,0.6606757,0
09051.jpg,0.6287675,0
21649.jpg,0.62450296,0
n03958227_4636.JPEG,0.18212047,0
n02412080_19994.JPEG,0.016956575,0
32459.jpg,0.56791466,0
ILSVRC2012_val_00002805.JPEG,0.3624194,0
20437.jpg,0.85141265,0
n04458633_15434.JPEG,0.16786672,0
815_biggan_00035.png,0.8594641,1
17411.jpg,0.556308,0
n03803284_16719.JPEG,0.26497823,0
TGIMV6VP4Q.jpg,0.53331184,1
40009.jpg,0.4656662,0
CMGHVA0AY0.jpg,0.54453003,1
CLXHE90DE2.jpg,0.49290094,1
66151.jpg,0.3662615,0
970_biggan_00171.png,0.35841528,1
50567.jpg,0.43135026,0
AI5RKSLQ4F.jpg,0.4619863,1
12981.jpg,0.5448389,0
46076.jpg,0.5115568,0
N3Z552FMWE.jpg,0.6196284,1
20332.jpg,0.6160955,0
22366.jpg,0.1543347,0
P59HAT6BFX.jpg,0.7165428,1
CAXTATNRO9.jpg,0.6275268,1
26173.jpg,0.5137198,0
5080XJ6P5Z.jpg,0.60680366,1
n02879718_17721.JPEG,0.21127236,0
46105.jpg,0.9120741,0
073_biggan_00176.png,0.38954294,1
n01675722_7749.JPEG,0.57377064,0
022_biggan_00048.png,0.62806153,1
n03832673_6019.JPEG,0.36753574,0
SEYBRC40DM.jpg,0.624305,1
597_biggan_00054.png,0.68692154,1
n03218198_20368.JPEG,0.3673524,0
381_biggan_00141.png,0.682486,1
J0ISR6A7N8.jpg,0.3691452,1
24315.jpg,0.3666676,0
GUY2TLHNU7.jpg,0.46239454,1
FVJ2QOIO3Z.jpg,0.5702923,1
520_biggan_00020.png,0.55596507,1
30685.jpg,0.4099166,0
ILSVRC2012_val_00028382.JPEG,0.09196927,0
XCNEF0WA82.jpg,0.45404774,1
04903.jpg,0.60693645,0
n02098286_468.JPEG,0.22069244,0
8FVENMW5CS.jpg,0.71359175,1
213_biggan_00138.png,0.8994583,1
36635.jpg,0.38342398,0
UX4PXA3F2L.jpg,0.5913526,1
5QE62CKCNH.jpg,0.4203064,1
VY0DF8995J.jpg,0.70665795,1
306_biggan_00143.png,0.5169486,1
387_biggan_00060.png,0.8798742,1
YRELBTL989.jpg,0.4921217,1
27486.jpg,0.65383995,0
56009.jpg,0.22437179,0
LV6CT1OFJD.jpg,0.5828253,1
33940.jpg,0.50273436,0
n07742313_9258.JPEG,0.11698974,0
13310.jpg,0.28934672,0
39176.jpg,0.24463212,0
7CLE22VCQI.jpg,0.51782733,1
51396.jpg,0.48029006,0
343_biggan_00074.png,0.70077413,1
GLWITMAZGE.jpg,0.5094394,1
3X072LPVDU.jpg,0.4837294,1
58835.jpg,0.39437258,0
n02120079_14105.JPEG,0.027929513,0
10922.jpg,0.590912,0
395_biggan_00035.png,0.96790385,1
ACHCGQDNBE.jpg,0.5101379,1
G5AWDKAOR7.jpg,0.9673978,1
KPIVQCIVHM.jpg,0.6426061,1
17383.jpg,0.51374435,0
5MD8Z2DHF5.jpg,0.41713682,1
67442.jpg,0.5648589,0
35201.jpg,0.45985276,0
28395.jpg,0.48522446,0
ANVONOEQ33.jpg,0.46697915,1
n02105641_8803.JPEG,0.78386265,0
43208.jpg,0.41230816,0
9ND2XIPI67.jpg,0.5210476,1
T1W2HXXCRP.jpg,0.8624247,1
52RLI3OO0A.jpg,0.9101907,1
31485.jpg,0.53998864,0
2DG8I6HS6R.jpg,0.47598046,1
4OZEBFVDML.jpg,0.59415674,1
SS937OWHIQ.jpg,0.5804298,1
0GYG7M81ZO.jpg,0.5706637,1
10263.jpg,0.6772188,0
225_biggan_00086.png,0.9794676,1
34618.jpg,0.42544812,0
081_biggan_00070.png,0.18202758,1
28503.jpg,0.28696474,0
n02676566_6682.JPEG,0.005922212,0
n01877812_3654.JPEG,0.48786247,0
26774.jpg,0.44910616,0
62457.jpg,0.38489878,0
n01735189_4121.JPEG,0.3368599,0
48516.jpg,0.6268558,0
n04476259_10212.JPEG,0.46686044,0
07825.jpg,0.7500102,0
03104.jpg,0.5527053,0
n02319095_3633.JPEG,0.09618872,0
991_biggan_00044.png,0.9786719,1
28199.jpg,0.58860075,0
n03967562_35125.JPEG,0.076919794,0
DBNGFY2HEP.jpg,0.5186936,1
017VGJOA5T.jpg,0.38993323,1
R4C95WO1R5.jpg,0.53282017,1
52673.jpg,0.58538884,0
184_biggan_00078.png,0.9490865,1
n04041544_15603.JPEG,0.032445364,0
PA9MNTZ06X.jpg,0.6925922,1
39158.jpg,0.5579689,0
n01773157_2740.JPEG,0.43875515,0
38132.jpg,0.4362648,0
GT6AZTK0HM.jpg,0.48589006,1
20145.jpg,0.5668046,0
ROE0FWYLFR.jpg,0.61709774,1
24636.jpg,0.40394756,0
09232.jpg,0.47276574,0
67507.jpg,0.5806265,0
1DSWRV3Y1T.jpg,0.3567185,1
39759.jpg,0.6752946,0
700_biggan_00134.png,0.3847489,1
34524.jpg,0.45883125,0
YVTNEOOF25.jpg,0.63185567,1
ILSVRC2012_val_00049476.JPEG,0.03828644,0
400_biggan_00063.png,0.5907979,1
n04409515_12954.JPEG,0.48721316,0
BFNN5UF7R7.jpg,0.536115,1
P7PGPKX97N.jpg,0.46713227,1
7U2LVBD2YO.jpg,0.49018613,1
42357.jpg,0.5596037,0
n04487081_1880.JPEG,0.061447382,0
520_biggan_00070.png,0.7503274,1
431_biggan_00074.png,0.6464375,1
15735.jpg,0.35246086,0
47624.jpg,0.5812516,0
16025.jpg,0.65598285,0
37621.jpg,0.34431052,0
O7CCCP1V1R.jpg,0.29466417,1
IHF77X8GOT.jpg,0.48982307,1
n04081281_16215.JPEG,0.46204898,0
n02977058_19615.JPEG,0.13837811,0
A9LEMCVE6I.jpg,0.4931797,1
SA4YCP5M6N.jpg,0.5813822,1
57753.jpg,0.52337134,0
615_biggan_00148.png,0.5537127,1
n02106030_3586.JPEG,0.023795376,0
BKWIBGRA2P.jpg,0.5714516,1
3WAVPTLJBC.jpg,0.54579437,1
63906.jpg,0.34223905,0
4119XTU5JK.jpg,0.53254235,1
LVY0BTDW3C.jpg,0.51280916,1
08391.jpg,0.51594764,0
ZPMHSR0V9H.jpg,0.6705797,1
997_biggan_00082.png,0.91541266,1
QLQ37TV7CG.jpg,0.46767387,1
773_biggan_00091.png,0.6564351,1
26646.jpg,0.6750028,0
K9NTPLM4MJ.jpg,0.68129593,1
n03908618_4472.JPEG,0.02523344,0
17251.jpg,0.43983063,0
292_biggan_00039.png,0.95691186,1
0OU2G7CNE7.jpg,0.53082937,1
6EHZ31N6AJ.jpg,0.4455297,1
THW0SOFX5J.jpg,0.5728471,1
239_biggan_00104.png,0.76965076,1
ILSVRC2012_val_00013388.JPEG,0.38487905,0
42812.jpg,0.3942233,0
n02422106_4936.JPEG,0.33139867,0
SP6KJL28LI.jpg,0.49259874,1
41843.jpg,0.36995566,0
EZOPHA495I.jpg,0.5702682,1
518_biggan_00035.png,0.2840701,1
12861.jpg,0.49379957,0
n02108422_170.JPEG,0.25709242,0
34726.jpg,0.44841468,0
222_biggan_00115.png,0.5993585,1
038_biggan_00081.png,0.97398496,1
n03854065_50644.JPEG,0.3469658,0
n02687172_31134.JPEG,0.3353177,0
47335.jpg,0.652329,0
n09246464_3686.JPEG,0.29486006,0
n02099429_1578.JPEG,0.46567345,0
42285.jpg,0.5635118,0
n03637318_9146.JPEG,0.72807926,0
A60YBAGQOQ.jpg,0.45562646,1
08261.jpg,0.49086666,0
60522.jpg,0.5808643,0
44554.jpg,0.42508152,0
I4XBKSEVYM.jpg,0.51351625,1
n04074963_33120.JPEG,0.17487556,0
45559.jpg,0.18141273,0
n02107142_17564.JPEG,0.1037021,0
8Z658JAMZQ.jpg,0.56862164,1
964_biggan_00141.png,0.90813124,1
53183.jpg,0.56373894,0
n02510455_5354.JPEG,0.2808727,0
FMIMW4VVHH.jpg,0.6076851,1
9JEQOJWQEO.jpg,0.6970349,1
IU8R4T8VUB.jpg,0.42792925,1
20791.jpg,0.30558464,0
09684.jpg,0.89217806,0
3C8UP7V420.jpg,0.6186738,1
CHN4B5QTUM.jpg,0.85044825,1
35587.jpg,0.47419745,0
251_biggan_00074.png,0.6181952,1
XOSIJS98DS.jpg,0.6913607,1
DRDUDZGKPJ.jpg,0.585056,1
472_biggan_00075.png,0.9377151,1
22803.jpg,0.43214947,0
YAXOZU9YF8.jpg,0.3915096,1
ILSVRC2012_val_00033258.JPEG,0.6052118,0
51814.jpg,0.57929176,0
09341.jpg,0.39878756,0
388NW3VOXG.jpg,0.57007164,1
n01910747_1712.JPEG,0.17839235,0
n03584254_2312.JPEG,0.48427156,0
75TU0J36QC.jpg,0.5708494,1
L533P2MFHD.jpg,0.55897725,1
48382.jpg,0.37614673,0
2DIQQPK79S.jpg,0.38438484,1
n03958227_3125.JPEG,0.4268777,0
n03657121_8978.JPEG,0.112505816,0
19484.jpg,0.5360536,0
42467.jpg,0.7608491,0
553_biggan_00183.png,0.5609013,1
57891.jpg,0.40092018,0
53582.jpg,0.4611296,0
968_biggan_00034.png,0.42991993,1
42673.jpg,0.5187957,0
367_biggan_00034.png,0.65417665,1
08503.jpg,0.5139719,0
n03394916_5011.JPEG,0.03749228,0
GUOH8TUX1R.jpg,0.49697345,1
SW4AIPX4IO.jpg,0.40277585,1
58321.jpg,0.44834355,0
472_biggan_00105.png,0.9155203,1
31612.jpg,0.38601044,0
45347.jpg,0.4663957,0
13042.jpg,0.38404468,0
42838.jpg,0.5893818,0
12522.jpg,0.49013942,0
1GXA0TYOW9.jpg,0.58170575,1
38304.jpg,0.22635779,0
CCMCZCXBOM.jpg,0.48108333,1
FS62Z7B73G.jpg,0.3731908,1
J5KWEMR3VK.jpg,0.6245244,1
n01873310_1380.JPEG,0.45333838,0
R19.JPG,0.1343647,0
935_biggan_00101.png,0.88193375,1
OX3FBUA6ZE.jpg,0.8033255,1
6N0QLLVB6R.jpg,0.6265052,1
YH4UJP0HK0.jpg,0.537714,1
5V0K7JVHQC.jpg,0.60545534,1
n02490219_7977.JPEG,0.07598909,0
139_biggan_00144.png,0.9746934,1
1OQ9Q8BBW7.jpg,0.6562289,1
43067.jpg,0.41697413,0
45170.jpg,0.66607076,0
67136.jpg,0.34499407,0
n04548280_183.JPEG,0.11887649,0
ILSVRC2012_val_00035638.JPEG,0.42196554,0
853_biggan_00119.png,0.5758112,1
n04239074_1562.JPEG,0.31587514,0
LFF3QSZ6LY.jpg,0.43348244,1
9TVES0MJHF.jpg,0.47196183,1
n02012849_9925.JPEG,0.0054872236,0
n03063689_7554.JPEG,0.3369167,0
n04285008_10296.JPEG,0.48422715,0
26414.jpg,0.23421511,0
09526.jpg,0.48053625,0
XXPLB2O1G7.jpg,0.74909717,1
EAHMWXXHEB.jpg,0.63601923,1
RR8PDQRJKM.jpg,0.64557767,1
n02834397_352.JPEG,0.013049169,0
34390.jpg,0.51423395,0
64432.jpg,0.47525725,0
41034.jpg,0.40436292,0
10371.jpg,0.52834564,0
CYQC7V4YBP.jpg,0.42921895,1
HPAQALE1UI.jpg,0.5012208,1
43353.jpg,0.65390503,0
96IOH6CFDC.jpg,0.75837755,1
n01735189_4490.JPEG,0.30881855,0
11919.jpg,0.47459772,0
734WYCMPGW.jpg,0.5485819,1
701_biggan_00143.png,0.10086866,1
NVQ7PYQ17I.jpg,0.5481141,1
21352.jpg,0.39942116,0
6ULL7OP2UT.jpg,0.29736555,1
22483.jpg,0.73277557,0
BKLPARFQP9.jpg,0.59579736,1
39774.jpg,0.4792344,0
n03196217_8618.JPEG,0.4306259,0
n04065272_4316.JPEG,0.22704512,0
220_biggan_00020.png,0.97736734,1
C9VWUYR49S.jpg,0.36502102,1
GU05HVF9EX.jpg,0.47654164,1
4K8PEP7XGS.jpg,0.48996302,1
6SY3DBVYN8.jpg,0.6264201,1
H1VSEODX40.jpg,0.48949802,1
17918.jpg,0.5262061,0
168_biggan_00037.png,0.76714194,1
25386.jpg,0.40868923,0
0QBY45PC9T.jpg,0.45935637,1
276_biggan_00020.png,0.804176,1
723_biggan_00134.png,0.5024545,1
BI3EUEN2KA.jpg,0.6333957,1
YG51CR07MK.jpg,0.5028908,1
n03445777_9220.JPEG,0.12060537,0
L72WRODMJP.jpg,0.5180944,1
57730.jpg,0.42951015,0
Q7IXWFPFT4.jpg,0.5779055,1
6OBLS6TEGH.jpg,0.63536966,1
083_biggan_00018.png,0.93492156,1
106_biggan_00076.png,0.97968423,1
487QLGKPI7.jpg,0.486019,1
612_biggan_00035.png,0.78884965,1
509756LB7G.jpg,0.42414802,1
n02486261_2440.JPEG,0.53452265,0
60008.jpg,0.6343198,0
n02443114_3981.JPEG,0.90299696,0
H34IH681FP.jpg,0.3564959,1
REIGSQF12U.jpg,0.4707651,1
52343.jpg,0.33367506,0
228_biggan_00124.png,0.80604917,1
n04254680_5033.JPEG,0.56591916,0
66805.jpg,0.54742676,0
66814.jpg,0.74160534,0
43138.jpg,0.39859238,0
6O3V1XMCRI.jpg,0.4499487,1
59379.jpg,0.648817,0
A7QZY3SMJB.jpg,0.54439616,1
n04127249_4106.JPEG,0.52336776,0
705_biggan_00154.png,0.4356031,1
49743.jpg,0.2836288,0
705_biggan_00059.png,0.75578517,1
472_biggan_00023.png,0.6623636,1
168_biggan_00091.png,0.6828387,1
n03240683_10088.JPEG,0.54204696,0
GLN4VY01IJ.jpg,0.5129226,1
MN7XX6S5PJ.jpg,0.8182698,1
31097.jpg,0.46337488,0
FQIFB740AW.jpg,0.5871922,1
ILSVRC2012_val_00034770.JPEG,0.20199507,0
49773.jpg,0.3096631,0
0LEMVP9Y50.jpg,0.5726828,1
ILSVRC2012_val_00027607.JPEG,0.41930637,0
6W6X524U23.jpg,0.7055526,1
360_biggan_00082.png,0.977716,1
n04589890_590.JPEG,0.015717963,0
35129.jpg,0.48996922,0
25871.jpg,0.4463341,0
59P654QY35.jpg,0.8384922,1
PIDPR3809W.jpg,0.62617046,1
379_biggan_00167.png,0.7825704,1
988_biggan_00044.png,0.7608899,1
UE6WSPBA7D.jpg,0.43432137,1
VS0CKBN7PO.jpg,0.51658136,1
54125.jpg,0.6402674,0
G4CTGEF66P.jpg,0.47776046,1
24287.jpg,0.74667186,0
LW2IIECCZ5.jpg,0.3097109,1
n03141823_5919.JPEG,0.0032688195,0
VNTRZPV1J3.jpg,0.46768042,1
n03095699_20356.JPEG,0.37581497,0
741_biggan_00156.png,0.9306118,1
OC6PGVCJ0M.jpg,0.5218383,1
46802.jpg,0.45294732,0
n03920288_821.JPEG,0.53423214,0
09783.jpg,0.47238293,0
6RG5P8LWQL.jpg,0.67208004,1
67656.jpg,0.33471256,0
64VUFU73BQ.jpg,0.61154574,1
n04311004_2606.JPEG,0.022774369,0
ILSVRC2012_val_00025564.JPEG,0.25475553,0
904_biggan_00127.png,0.5101206,1
WUSNE6FQT8.jpg,0.57261765,1
23756.jpg,0.47212854,0
15828.jpg,0.46016982,0
0HNOXY87MA.jpg,0.48794842,1
K4JEQDT57R.jpg,0.5226745,1
2O6C0UY6BB.jpg,0.56490344,1
32039.jpg,0.3146086,0
KELJALLPK8.jpg,0.32421368,1
n03884397_27300.JPEG,0.5626903,0
674_biggan_00113.png,0.52493143,1
FFM6BT65C6.jpg,0.44813642,1
64582.jpg,0.56709397,0
n01601694_6514.JPEG,0.092363395,0
256_biggan_00067.png,0.92179495,1
06741.jpg,0.7251266,0
04610.jpg,0.46396306,0
805_biggan_00074.png,0.83709335,1
OG6FM0MZYV.jpg,0.5982447,1
62479.jpg,0.46715245,0
52860.jpg,0.46809646,0
02304.jpg,0.46290505,0
n02091134_323.JPEG,0.34228042,0
218_biggan_00136.png,0.53885525,1
2I44AE50IR.jpg,0.6759949,1
41799.jpg,0.47153205,0
PDRF122NZB.jpg,0.46654642,1
H128D5NQBT.jpg,0.55346596,1
TNL2CEMB9T.jpg,0.4534165,1
754_biggan_00040.png,0.6120975,1
8ADDMR1A30.jpg,0.07054699,1
42082.jpg,0.3313685,0
ILSVRC2012_val_00007617.JPEG,0.013812385,0
09L42C7INO.jpg,0.5403204,1
n01944390_4816.JPEG,0.3075835,0
n02860847_23322.JPEG,0.6425604,0
ILSVRC2012_val_00046303.JPEG,0.1729716,0
37098.jpg,0.52139574,0
SY2BPMQ84J.jpg,0.53515273,1
22295.jpg,0.3701033,0
64322.jpg,0.24497104,0
BS1DGX9UJX.jpg,0.5180098,1
HT6Q5Y05IZ.jpg,0.3984616,1
HNQQWW4CMH.jpg,0.30861717,1
3SQ98I52DO.jpg,0.5044861,1
T2PY0BJ4GJ.jpg,0.33831325,1
12074.jpg,0.6051814,0
n02091635_4481.JPEG,0.8035043,0
H1STHASSV1.jpg,0.42182222,1
38100.jpg,0.26658753,0
7BLRVN3KKB.jpg,0.5350001,1
n01622779_5489.JPEG,0.035628695,0
393_biggan_00012.png,0.9181662,1
n01770081_3618.JPEG,0.36114237,0
VRIYWOBIIP.jpg,0.59372514,1
ELKIRHCYNY.jpg,0.5038325,1
615KWHGB65.jpg,0.44304752,1
66419.jpg,0.4169284,0
42282.jpg,0.7387007,0
n03770439_18665.JPEG,0.1833308,0
63391.jpg,0.5296935,0
MO9Y122HX6.jpg,0.6464408,1
OBLD74AAEL.jpg,0.2894693,1
52549.jpg,0.5209074,0
ILSVRC2012_val_00007391.JPEG,0.30349293,0
449_biggan_00143.png,0.40820232,1
n03063599_1172.JPEG,0.24676563,0
RZBHGP17D4.jpg,0.64545596,1
65994.jpg,0.41850325,0
45831.jpg,0.48945004,0
n04044716_12868.JPEG,0.086593516,0
930_biggan_00039.png,0.68542,1
C52NVVIUJX.jpg,0.67269576,1
850_biggan_00046.png,0.6014644,1
12641.jpg,0.40469006,0
62155.jpg,0.39372274,0
773_biggan_00004.png,0.5774118,1
n03314780_17417.JPEG,0.5789501,0
40173.jpg,0.39993736,0
07580.jpg,0.6584823,0
D67TLF86KA.jpg,0.38248503,1
509_biggan_00032.png,0.9354411,1
C9C2QSEH38.jpg,0.51886153,1
NO30HNJJS8.jpg,0.6346048,1
874_biggan_00061.png,0.2983392,1
59279.jpg,0.49393374,0
979_biggan_00043.png,0.8867515,1
n04208210_52929.JPEG,0.229058,0
24441.jpg,0.47434026,0
00810.jpg,0.38460165,0
14095.jpg,0.47977343,0
833_biggan_00103.png,0.53689456,1
538_biggan_00014.png,0.6117181,1
142_biggan_00111.png,0.79789615,1
57573.jpg,0.54778284,0
8ENZEMFNRS.jpg,0.47874948,1
33498.jpg,0.60541487,0
BWSA3ESR1O.jpg,0.54400223,1
n03400231_1343.JPEG,0.12176487,0
n07711569_4089.JPEG,0.2500232,0
56677.jpg,0.6542304,0
17571.jpg,0.491988,0
n04418357_10775.JPEG,0.35073754,0
46722.jpg,0.5214164,0
29678.jpg,0.48858246,0
TVV5CQNT77.jpg,0.48107585,1
0SAUUYZR6V.jpg,0.6602637,1
36532.jpg,0.4675087,0
2GMP1VA9CJ.jpg,0.40005386,1
333_biggan_00074.png,0.9026027,1
529_biggan_00185.png,0.6132341,1
M848TF3V2U.jpg,0.15773804,1
n02100583_28030.JPEG,0.019422844,0
866_biggan_00039.png,0.8804645,1
9MCCUPN8C7.jpg,0.6552585,1
TR2SMVLAU1.jpg,0.6090388,1
755_biggan_00039.png,0.5984353,1
15357.jpg,0.50987303,0
Q70UICYIB5.jpg,0.21473613,1
17180.jpg,0.47896427,0
J9D85Q2KOZ.jpg,0.6628001,1
701_biggan_00032.png,0.8765773,1
IHZOQFSFMW.jpg,0.38978225,1
53916.jpg,0.65799767,0
RP687QW19K.jpg,0.5992838,1
360_biggan_00124.png,0.97349215,1
EGTYJ0XBZU.jpg,0.06074328,1
7LCF0TT42Z.jpg,0.69957423,1
RXN86H4ZAS.jpg,0.49889523,1
DF0OPZUJC0.jpg,0.6200201,1
56704.jpg,0.5937243,0
600_biggan_00074.png,0.7958021,1
485_biggan_00188.png,0.8342777,1
37222.jpg,0.5978348,0
350_biggan_00047.png,0.977802,1
n03649909_12695.JPEG,0.94455975,0
8A8Y8IMEPC.jpg,0.41955316,1
08892.jpg,0.31551528,0
17505.jpg,0.37067258,0
ILSVRC2012_val_00004621.JPEG,0.15541948,0
10900.jpg,0.4139275,0
368_biggan_00087.png,0.43682012,1
R36.jpg,0.060386498,0
160_biggan_00039.png,0.93483365,1
DSZAQOMHCE.jpg,0.24631314,1
0W1T5URQKB.jpg,0.56560814,1
MFQW3XGT4X.jpg,0.47835132,1
48768.jpg,0.63210285,0
748_biggan_00039.png,0.42057094,1
840_biggan_00161.png,0.53073496,1
245_biggan_00020.png,0.58062863,1
HR8VQLWVHD.jpg,0.33127955,1
C3NLTYBJRG.jpg,0.5381111,1
VC9XUJ3UGL.jpg,0.53281945,1
65829.jpg,0.7776517,0
52154.jpg,0.6737302,0
HFY8IRAOS8.jpg,0.5310518,1
A1DIBIU2ST.jpg,0.4596949,1
37090.jpg,0.41674766,0
141_biggan_00061.png,0.80326945,1
X2K6LYOS61.jpg,0.63084865,1
15111.jpg,0.39672527,0
378_biggan_00149.png,0.8170714,1
n03944341_10415.JPEG,0.6753641,0
758_biggan_00013.png,0.80070865,1
MWW87V9A75.jpg,0.062464815,1
65348.jpg,0.6582106,0
G66GAWOXV6.jpg,0.36044693,1
ILSVRC2012_val_00020476.JPEG,0.05891712,0
n01558993_5208.JPEG,0.34773952,0
10526.jpg,0.3179821,0
39675.jpg,0.5741391,0
n01734418_12263.JPEG,0.06927418,0
62373.jpg,0.46104264,0
52679.jpg,0.3783255,0
10209.jpg,0.61068195,0
F31.jpg,0.42423794,1
F67ZPPMA9J.jpg,0.56472325,1
13580.jpg,0.6152004,0
798_biggan_00012.png,0.42558047,1
TWI59H1JTR.jpg,0.49636146,1
38QCEIPDQI.jpg,0.45292306,1
4Q1NFK93YS.jpg,0.5362576,1
RBUKO1AOH3.jpg,0.4551722,1
45266.jpg,0.42794606,0
669_biggan_00001.png,0.46161902,1
n01737021_6101.JPEG,0.09314624,0
35744.jpg,0.6351798,0
PMETG3C4TP.jpg,0.29994455,1
20886.jpg,0.4414808,0
47912.jpg,0.5402095,0
69157.jpg,0.6283621,0
22254.jpg,0.6895513,0
R36LWZRKN9.jpg,0.529572,1
24552.jpg,0.5259725,0
BUFM5TSEHB.jpg,0.7015332,1
443_biggan_00107.png,0.6371272,1
20862.jpg,0.4679004,0
DZ8DFRFMH3.jpg,0.2305895,1
17381.jpg,0.5269112,0
n02094114_8632.JPEG,0.49992442,0
34383.jpg,0.47443184,0
641_biggan_00176.png,0.59943384,1
AZ6QFVRVX8.jpg,0.6102465,1
n01955084_1607.JPEG,0.15863371,0
12213.jpg,0.43415028,0
LLRKAPU5K7.jpg,0.5596771,1
UGSFPFGI7L.jpg,0.3685211,1
n01665541_8980.JPEG,0.22872704,0
n07714571_5589.JPEG,0.8644231,0
12630.jpg,0.5828432,0
26477.jpg,0.50940347,0
63102.jpg,0.62124366,0
G5N2MVH62S.jpg,0.48185715,1
FGMSZPNYE1.jpg,0.39601693,1
n03459775_10065.JPEG,0.09900976,0
ITKBS08669.jpg,0.64301085,1
12602.jpg,0.5099998,0
24178.jpg,0.32868958,0
35990.jpg,0.081144825,0
n02098413_387.JPEG,0.17588472,0
ILSVRC2012_val_00013188.JPEG,0.4991813,0
n01930112_1037.JPEG,0.42389074,0
ILSVRC2012_val_00024779.JPEG,0.28531897,0
42018.jpg,0.61975235,0
726_biggan_00143.png,0.57148176,1
788_biggan_00074.png,0.5874334,1
24795.jpg,0.35135108,0
814_biggan_00196.png,0.39299783,1
1ZPFBMA2HX.jpg,0.41982865,1
38155.jpg,0.61325324,0
n04037443_1082.JPEG,0.72556704,0
R9CRLRE48A.jpg,0.43333393,1
IT96OC5W2L.jpg,0.4958418,1
11375.jpg,0.4830549,0
04157.jpg,0.6274069,0
10627.jpg,0.46246263,0
37160.jpg,0.6206672,0
03240.jpg,0.6394371,0
46615.jpg,0.3756308,0
ET8HKO0QKL.jpg,0.63890356,1
3700U57WVF.jpg,0.5825473,1
32887.jpg,0.6695746,0
n02033041_3750.JPEG,0.32079613,0
QU9FDVNWOL.jpg,0.63428724,1
43346.jpg,0.32536015,0
22414.jpg,0.41300437,0
C7GFOS6OM2.jpg,0.538573,1
258_biggan_00020.png,0.6192682,1
56ME555J9R.jpg,0.59687436,1
IQ06EZQIMX.jpg,0.3378669,1
3R594POUW0.jpg,0.41343737,1
3WS8BXCTFE.jpg,0.46797916,1
FSMMYMPZKZ.jpg,0.42477983,1
816_biggan_00095.png,0.8739897,1
39205.jpg,0.6075954,0
TIWMA9FPKN.jpg,0.3903916,1
4332283IXB.jpg,0.39381242,1
06695.jpg,0.2717849,0
H0Q3ZJ7VSQ.jpg,0.65974504,1
TNCZJD6ZA8.jpg,0.61898047,1
0MX72QMVFT.jpg,0.44464073,1
n01644900_8695.JPEG,0.22374564,0
CKWQ0O5EV3.jpg,0.14326899,1
53495.jpg,0.50296444,0
99HW0AHFC5.jpg,0.6381583,1
n02457408_12510.JPEG,0.04835297,0
n06874185_26549.JPEG,0.31602174,0
ILSVRC2012_val_00047240.JPEG,0.45563656,0
914_biggan_00017.png,0.4411742,1
n01756291_8608.JPEG,0.6255741,0
n04133789_6394.JPEG,0.014849851,0
n02504458_4163.JPEG,0.027777428,0
n03530642_26859.JPEG,0.5501023,0
Z1WMSO64OQ.jpg,0.57063955,1
ILSVRC2012_val_00030583.JPEG,0.10804947,0
295_biggan_00040.png,0.95503867,1
XMFY0P6Y97.jpg,0.3009251,1
19907.jpg,0.5195379,0
671_biggan_00138.png,0.9804376,1
45401.jpg,0.6076193,0
39443.jpg,0.3229238,0
49412.jpg,0.3693257,0
472_biggan_00045.png,0.944386,1
730_biggan_00108.png,0.019459492,1
837_biggan_00172.png,0.80703646,1
40349.jpg,0.45807478,0
JBCBM900AN.jpg,0.6647756,1
n01824575_2486.JPEG,0.21302545,0
29300.jpg,0.56515515,0
n12144580_4683.JPEG,0.6347377,0
06613.jpg,0.43318087,0
419_biggan_00118.png,0.48614535,1
n07714571_8046.JPEG,0.4297015,0
45098.jpg,0.5761415,0
n01514859_11843.JPEG,0.4545787,0
OVJJX2RG2E.jpg,0.8619285,1
856_biggan_00107.png,0.86947405,1
K5U0MEI5EO.jpg,0.45013356,1
29772.jpg,0.23727572,0
63XU553PKW.jpg,0.31925675,1
V49G8SWY5U.jpg,0.52527684,1
178_biggan_00011.png,0.81103855,1
EEPZ5JNV4J.jpg,0.34479192,1
00035.jpg,0.513944,0
n12768682_21229.JPEG,0.05464664,0
n03733805_8753.JPEG,0.45585138,0
37566.jpg,0.41271544,0
G38S18232W.jpg,0.5448128,1
57907.jpg,0.40747398,0
n01698640_10453.JPEG,0.14482392,0
ILSVRC2012_val_00036759.JPEG,0.38192296,0
64722.jpg,0.41574508,0
582_biggan_00059.png,0.9141672,1
772_biggan_00129.png,0.2470869,1
n01873310_34925.JPEG,0.46722353,0
103_biggan_00109.png,0.51206785,1
67065.jpg,0.46022117,0
20311.jpg,0.51826173,0
40324.jpg,0.3753767,0
291_biggan_00083.png,0.97105026,1
B49MH1HMSK.jpg,0.5998616,1
ZRR0OZJ83B.jpg,0.5758056,1
JCDSPGEYHF.jpg,0.559125,1
W8GU8FWUGM.jpg,0.48594624,1
62839.jpg,0.56273746,0
2LZ7VAPBYN.jpg,0.48166046,1
0M0F4YJ1G9.jpg,0.40586823,1
QEHQ47WUYV.jpg,0.46048942,1
361_biggan_00191.png,0.502855,1
27364.jpg,0.5041913,0
65168.jpg,0.41918123,0
U54A46UQXY.jpg,0.64932066,1
979_biggan_00128.png,0.7025836,1
CEUVER6QFC.jpg,0.4473885,1
22498.jpg,0.39869738,0
29898.jpg,0.28656578,0
077_biggan_00166.png,0.49600592,1
16216.jpg,0.37658393,0
NQA3HZ82QK.jpg,0.70503694,1
05368.jpg,0.35764745,0
564_biggan_00143.png,0.70639503,1
6UYC1XE39X.jpg,0.40155825,1
48060.jpg,0.49771547,0
24021.jpg,0.42189902,0
YRLZFEQDG9.jpg,0.5922167,1
F9NC8XDH6U.jpg,0.612376,1
68776.jpg,0.4940419,0
5KV425PHVL.jpg,0.38240662,1
343_biggan_00072.png,0.93188894,1
64952.jpg,0.18617205,0
TKILH79TNB.jpg,0.4027454,1
QY2QRZEF48.jpg,0.6380009,1
34VJK1FK0C.jpg,0.69304144,1
58074.jpg,0.39437345,0
259_biggan_00035.png,0.82876116,1
I0N3HD9RWJ.jpg,0.0945974,1
2OQ8DA9MU3.jpg,0.5603502,1
55V4SVKZH2.jpg,0.2448886,1
OT9LKH1N6A.jpg,0.41312125,1
14219.jpg,0.64447534,0
211_biggan_00140.png,0.97534025,1
C0Z94USXF1.jpg,0.6441469,1
25180.jpg,0.3142448,0
490_biggan_00178.png,0.9524658,1
40209.jpg,0.598186,0
n01582220_12852.JPEG,0.040179964,0
56325.jpg,0.3412789,0
425_biggan_00156.png,0.866542,1
43815.jpg,0.44284284,0
628_biggan_00070.png,0.39175692,1
n04336792_3459.JPEG,0.1817998,0
ZSRQ859YDA.jpg,0.43270016,1
210D7BHDXU.jpg,0.5051764,1
259_biggan_00104.png,0.71239096,1
29508.jpg,0.40329826,0
F6.jpg,0.45724392,1
51244.jpg,0.30215785,0
32096.jpg,0.40685347,0
16761.jpg,0.32854217,0
ILSVRC2012_val_00032194.JPEG,0.41908607,0
50698.jpg,0.52171004,0
58796.jpg,0.6389539,0
40193.jpg,0.33848235,0
31087.jpg,0.3231812,0
G3UJ3I4GTD.jpg,0.65408033,1
PGR0W57DJ8.jpg,0.6900294,1
n04597913_3483.JPEG,0.5813316,0
345ATQWD58.jpg,0.6949149,1
17007.jpg,0.49992305,0
8JO0REEL4Z.jpg,0.584471,1
GXDT0AMSZH.jpg,0.5466582,1
VK80DLC4V4.jpg,0.5420274,1
ILSVRC2012_val_00049045.JPEG,0.2536792,0
G70TAF8ZE9.jpg,0.46859664,1
902_biggan_00087.png,0.0952622,1
PJWUAEIF2X.jpg,0.5249028,1
ILSVRC2012_val_00037384.JPEG,0.19988902,0
073_biggan_00081.png,0.52189505,1
Q7JRT7R1IV.jpg,0.5158782,1
JECHTPKRL3.jpg,0.6807203,1
31505.jpg,0.26476705,0
529_biggan_00144.png,0.882265,1
11559.jpg,0.5229657,0
705HK64IHS.jpg,0.43827775,1
16076.jpg,0.30732656,0
n03291819_27606.JPEG,0.59483683,0
02366.jpg,0.5976296,0
03362.jpg,0.60873324,0
n02870880_16506.JPEG,0.20927806,0
27573.jpg,0.774982,0
n03976467_11243.JPEG,0.20146956,0
737_biggan_00183.png,0.88572973,1
33815.jpg,0.101857916,0
Z5L12OG3AZ.jpg,0.521555,1
645_biggan_00143.png,0.47797912,1
NJV994YWHM.jpg,0.56783944,1
54610.jpg,0.5036197,0
n03297495_5816.JPEG,0.37756208,0
05140.jpg,0.7080718,0
n02108000_5444.JPEG,0.29219952,0
12061.jpg,0.3901668,0
LIKPFH8DSA.jpg,0.50409967,1
n03874293_1578.JPEG,0.254661,0
n02190166_12469.JPEG,0.6316819,0
MWZEAEG5DJ.jpg,0.6410682,1
CCJG6G2A8S.jpg,0.6942637,1
11332.jpg,0.49923906,0
55302.jpg,0.6101376,0
896_biggan_00030.png,0.8227828,1
03016.jpg,0.608586,0
E16SRGYDK4.jpg,0.05997626,1
08987.jpg,0.10881109,0
43677.jpg,0.41591147,0
n03676483_24406.JPEG,0.119374074,0
n07802026_309.JPEG,0.033633888,0
589_biggan_00074.png,0.6266148,1
EL4D820M9Y.jpg,0.59216017,1
6PI67BYKDA.jpg,0.49527037,1
2WOG6CT55I.jpg,0.58091724,1
47753.jpg,0.270288,0
25305.jpg,0.48524675,0
589_biggan_00143.png,0.27535257,1
69489.jpg,0.24771978,0
58164.jpg,0.5296379,0
MYB81ELXAK.jpg,0.47878203,1
56154.jpg,0.540356,0
51875.jpg,0.53218806,0
68075.jpg,0.65177745,0
35401.jpg,0.31869435,0
612_biggan_00047.png,0.72192794,1
ILSVRC2012_val_00023916.JPEG,0.46848124,0
221_biggan_00085.png,0.7168383,1
09656.jpg,0.50869524,0
36817.jpg,0.4401066,0
U6V83DJGNS.jpg,0.41578794,1
0RH1DCFO06.jpg,0.39227742,1
n02397096_508.JPEG,0.16223314,0
262_biggan_00188.png,0.84268713,1
R00PMZP2NG.jpg,0.21154268,1
UQT8KMV4LB.jpg,0.6949788,1
B8WMKG47WD.jpg,0.43300316,1
n01689811_5343.JPEG,0.3712688,0
38207.jpg,0.58678675,0
UMPXZ4RAHB.jpg,0.47137603,1
39958.jpg,0.39304093,0
01167.jpg,0.75105965,0
7BISELDQZ4.jpg,0.35243815,1
n03494278_7663.JPEG,0.32575026,0
n09229709_42695.JPEG,0.59390056,0
n04398044_14218.JPEG,0.35705903,0
H932MCKEU5.jpg,0.6356134,1
63158.jpg,0.396723,0
27476.jpg,0.34568408,0
n03255030_8299.JPEG,0.35879207,0
11549.jpg,0.618411,0
LQSSCA0GNJ.jpg,0.5859775,1
n02086910_6027.JPEG,0.3984088,0
YZ3TDOARMI.jpg,0.6105577,1
n02105505_4042.JPEG,0.022756377,0
392_biggan_00093.png,0.9841172,1
6L9JBP97HR.jpg,0.5145472,1
32778.jpg,0.5787962,0
146AWCPVIY.jpg,0.80217534,1
X5TQKIDJ77.jpg,0.49136046,1
38976.jpg,0.41399223,0
4PF0C985XP.jpg,0.7592709,1
41TMULABJ4.jpg,0.43172568,1
VF7BAXDTR9.jpg,0.5696255,1
21854.jpg,0.6395905,0
47593.jpg,0.6704929,0
31988.jpg,0.59207165,0
950_biggan_00176.png,0.87674385,1
2P2L5WT4BU.jpg,0.58336306,1
65PXJHJERM.jpg,0.5500636,1
n07831146_4917.JPEG,0.547794,0
LHU05HSGA6.jpg,0.55593777,1
n04179913_7960.JPEG,0.39067197,0
513_biggan_00088.png,0.24918172,1
PNRD18QSHB.jpg,0.5410076,1
66751.jpg,0.5829329,0
09537.jpg,0.53854483,0
992_biggan_00001.png,0.9791509,1
98D2O26NBO.jpg,0.52138346,1
060_biggan_00114.png,0.91398746,1
U5H0L3FBTE.jpg,0.5803428,1
WUO5VY44K0.jpg,0.6761948,1
ILSVRC2012_val_00042444.JPEG,0.58423716,0
6HAUEGLZQ3.jpg,0.48866728,1
09587.jpg,0.5290274,0
VJY4HTDSH3.jpg,0.556887,1
n03388183_2122.JPEG,0.41875026,0
56CMZL9QOL.jpg,0.62806374,1
185_biggan_00008.png,0.82783705,1
14443.jpg,0.56271136,0
A1YKK9LCAN.jpg,0.5069787,1
40851.jpg,0.615614,0
834_biggan_00005.png,0.4619816,1
66375.jpg,0.37479794,0
47162.jpg,0.38652107,0
n02804414_10399.JPEG,0.80319715,0
IDHFOA6KY0.jpg,0.5384959,1
51568.jpg,0.5995868,0
JR6X37IRP7.jpg,0.55084586,1
07021.jpg,0.5260605,0
n04550184_44805.JPEG,0.35701802,0
37004.jpg,0.61828405,0
61506.jpg,0.47777113,0
28332.jpg,0.37283418,0
23311.jpg,0.57306397,0
U8X1TWQ81W.jpg,0.5934172,1
36623.jpg,0.4775951,0
462_biggan_00043.png,0.5967483,1
60595.jpg,0.49710718,0
47HHGFEON8.jpg,0.5397002,1
SL7RZ72E55.jpg,0.61242783,1
ILSVRC2012_val_00019719.JPEG,0.44104907,0
VRFWTCJZCX.jpg,0.40737036,1
893_biggan_00032.png,0.6140324,1
4STL0OFI7I.jpg,0.59015447,1
361_biggan_00113.png,0.97076505,1
EZD7SRRI2W.jpg,0.6427017,1
K8DTIA060N.jpg,0.5666142,1
03325.jpg,0.5600154,0
DG1ARR73KE.jpg,0.51271886,1
N3AQZ9V4L3.jpg,0.25300476,1
J9VL4WBZ87.jpg,0.46033606,1
0V4YJZF3AD.jpg,0.4982245,1
EGZIC0C9VF.jpg,0.6174981,1
EJ4DHQ5BH0.jpg,0.4983258,1
ICQJTKO0MG.jpg,0.8289479,1
34141.jpg,0.69188493,0
48525.jpg,0.40433848,0
664_biggan_00074.png,0.37158948,1
64716.jpg,0.36502984,0
AGCMPY1OHK.jpg,0.4256201,1
B0NOAIT23J.jpg,0.6042209,1
02068.jpg,0.09732912,0
316_biggan_00022.png,0.85615414,1
F4.jpg,0.028922925,1
596_biggan_00026.png,0.3481115,1
n07716906_5599.JPEG,0.4881646,0
n04517823_19021.JPEG,0.3423555,0
33228.jpg,0.52323043,0
G7WHM7KGPD.jpg,0.29602426,1
11631.jpg,0.5065823,0
n03425413_1769.JPEG,0.023115829,0
MF10QKOA8D.jpg,0.63385344,1
42689.jpg,0.5030328,0
NERFMM2JAA.jpg,0.47621801,1
8JIVKNUW9E.jpg,0.2739668,1
08516.jpg,0.6680059,0
n02089973_2397.JPEG,0.27082014,0
AX5R5WK2BJ.jpg,0.71933764,1
ILG4ZOMLND.jpg,0.566909,1
59793.jpg,0.3601391,0
837_biggan_00074.png,0.515108,1
60116.jpg,0.4939985,0
23047.jpg,0.3806977,0
KVSJ12DLHU.jpg,0.2867121,1
59968.jpg,0.4080558,0
I5D9WFL8GD.jpg,0.47876728,1
838_biggan_00118.png,0.39341652,1
n02704792_1589.JPEG,0.5116045,0
n02364673_26313.JPEG,0.21505885,0
LML9F5BK0M.jpg,0.6296508,1
ILSVRC2012_val_00021149.JPEG,0.054038484,0
KQKDZD39NO.jpg,0.56477875,1
562_biggan_00188.png,0.95953125,1
JSJDKCHEBL.jpg,0.4011185,1
31787.jpg,0.35626692,0
36932.jpg,0.4168604,0
26620.jpg,0.55353636,0
31984.jpg,0.49920768,0
340_biggan_00049.png,0.9455996,1
n01795545_14765.JPEG,0.15387419,0
52558.jpg,0.56270015,0
HDU12V20EF.jpg,0.41462174,1
UZB47YFR7I.jpg,0.5504422,1
8Z310OIRXS.jpg,0.63221616,1
42795.jpg,0.43968907,0
818_biggan_00058.png,0.7654995,1
n03062245_359.JPEG,0.4183322,0
31223.jpg,0.22627825,0
n02317335_13048.JPEG,0.01398613,0
39824.jpg,0.6858064,0
723_biggan_00074.png,0.9154226,1
0S626C68TC.jpg,0.5565236,1
714_biggan_00177.png,0.46249884,1
239_biggan_00159.png,0.9243872,1
829_biggan_00044.png,0.8540247,1
URLE85BBZ8.jpg,0.59918886,1
03244.jpg,0.16927339,0
47527.jpg,0.5363169,0
927_biggan_00032.png,0.6516524,1
53271.jpg,0.5616546,0
55425.jpg,0.5358357,0
56919.jpg,0.23225044,0
9FV3U2CLGN.jpg,0.5314679,1
ILSVRC2012_val_00044940.JPEG,0.14992037,0
316_biggan_00051.png,0.9812502,1
51976.jpg,0.59031165,0
WKCGFJE5AP.jpg,0.50587857,1
n02018207_7018.JPEG,0.41922045,0
293_biggan_00066.png,0.77542645,1
54338.jpg,0.63113105,0
M97UGPMJL3.jpg,0.84131444,1
46180.jpg,0.37416464,0
J5UFQ3W4FX.jpg,0.5282896,1
9SPOHKCGS0.jpg,0.4812565,1
07992.jpg,0.3891067,0
15360.jpg,0.33337665,0
23354.jpg,0.30118564,0
024_biggan_00179.png,0.41734633,1
DTGYTN8O5D.jpg,0.6210817,1
BRYOHU8CD0.jpg,0.6036406,1
216_biggan_00053.png,0.94243836,1
18853.jpg,0.49675962,0
17014.jpg,0.37106183,0
5AZQFSY4A6.jpg,0.5427508,1
45979.jpg,0.54321665,0
56372.jpg,0.4268005,0
668_biggan_00170.png,0.32221863,1
n03534580_20242.JPEG,0.19180398,0
792_biggan_00184.png,0.31000867,1
n02011460_17841.JPEG,0.014666239,0
69003.jpg,0.26503792,0
ZXDH9528VI.jpg,0.696496,1
W29X1VMHJ4.jpg,0.68076485,1
57614.jpg,0.66333485,0
G15BXBZRR4.jpg,0.3801424,1
ILSVRC2012_val_00036431.JPEG,0.01884372,0
n07715103_18100.JPEG,0.86853653,0
07020.jpg,0.60936165,0
OAN93NZVXD.jpg,0.533106,1
906_biggan_00039.png,0.8419396,1
FE2XZANLJX.jpg,0.6125243,1
48481.jpg,0.54608613,0
n03297495_412.JPEG,0.15018204,0
32258.jpg,0.6253587,0
223_biggan_00055.png,0.57766634,1
n03584829_4152.JPEG,0.39350474,0
57505.jpg,0.68239284,0
0R7QY7MIHF.jpg,0.72266966,1
IJKRQCTTK6.jpg,0.48269823,1
05333.jpg,0.67783666,0
64938.jpg,0.42189834,0
59552.jpg,0.49958056,0
289_biggan_00190.png,0.9300642,1
25542.jpg,0.45659503,0
45022.jpg,0.5127855,0
RG02YNDWY9.jpg,0.7259465,1
n02397096_77.JPEG,0.030267915,0
ILSVRC2012_val_00028124.JPEG,0.7454258,0
61597.jpg,0.5328864,0
527_biggan_00141.png,0.62632954,1
03440.jpg,0.11775907,0
789_biggan_00159.png,0.4559364,1
VRYP7L90CZ.jpg,0.44881082,1
n04081281_129330.JPEG,0.5645853,0
MEJ7TEYRGN.jpg,0.5293728,1
n01644373_6766.JPEG,0.60617626,0
KA4FMGBO8H.jpg,0.6828171,1
20313.jpg,0.5700317,0
n02112350_775.JPEG,0.2574235,0
494J5CDLHV.jpg,0.67248166,1
n03929855_3940.JPEG,0.31634408,0
04938.jpg,0.3135417,0
K64NJZ6FTQ.jpg,0.46188095,1
563_biggan_00130.png,0.5350123,1
A46WD6KQQN.jpg,0.58527666,1
LT3E9TA7ZH.jpg,0.53474134,1
MYX0O4PV45.jpg,0.3972917,1
n02791270_1917.JPEG,0.05703416,0
12587.jpg,0.42091522,0
R2.jpg,0.17140663,0
19873.jpg,0.61456066,0
00076.jpg,0.551334,0
ILSVRC2012_val_00017809.JPEG,0.41094428,0
304_biggan_00022.png,0.6203524,1
0E3FZDRYBU.jpg,0.6255153,1
27930.jpg,0.48328033,0
UWURQ7MOR5.jpg,0.61351603,1
516_biggan_00002.png,0.6102173,1
55790.jpg,0.32223326,0
24531.jpg,0.5031703,0
32395.jpg,0.5999467,0
853_biggan_00012.png,0.6902417,1
06785.jpg,0.61643267,0
n04429376_16139.JPEG,0.053729523,0
n02804610_34290.JPEG,0.06214256,0
CSIMFKJ3GH.jpg,0.35326934,1
JYXAT59I6E.jpg,0.70110273,1
23345.jpg,0.44571275,0
NR86ZIX5SD.jpg,0.5990752,1
P1QYLKZ3F3.jpg,0.41899604,1
64757.jpg,0.45165333,0
NQNQR8E2SN.jpg,0.3997982,1
64319.jpg,0.46155313,0
899_biggan_00068.png,0.54398835,1
36778.jpg,0.5003762,0
H4UEBKSSUG.jpg,0.46340606,1
n04326547_13818.JPEG,0.088815525,0
n02981792_11027.JPEG,0.22242789,0
34021.jpg,0.4142575,0
22877.jpg,0.5233028,0
YKP4HJMMED.jpg,0.5635042,1
A8731PSKNN.jpg,0.44672036,1
N14G1JJ2US.jpg,0.4678387,1
n02087046_15420.JPEG,0.49384353,0
811_biggan_00059.png,0.4749264,1
5Y3FKDIVQ6.jpg,0.4149523,1
n02807133_15453.JPEG,0.36528954,0
IE4WLBNATB.jpg,0.561195,1
M7ANOFQPGE.jpg,0.57019126,1
n03876231_175.JPEG,0.4437966,0
n03345487_13620.JPEG,0.026013829,0
34593.jpg,0.2888456,0
29684.jpg,0.4678781,0
GRL526ZSYI.jpg,0.62515295,1
U1131PC5LW.jpg,0.57710487,1
n02105162_5606.JPEG,0.5188476,0
51716.jpg,0.4281688,0
n01560419_6340.JPEG,0.01261375,0
n03792782_42131.JPEG,0.63448995,0
2GZK9EFXFN.jpg,0.44064018,1
0KF2WT928J.jpg,0.6063235,1
41098.jpg,0.42745027,0
n03743016_10226.JPEG,0.2073378,0
16927.jpg,0.48347732,0
888_biggan_00085.png,0.94319016,1
41772.jpg,0.44059026,0
W1HDPF5T9R.jpg,0.67955923,1
IWKQLB6T4L.jpg,0.5764728,1
38966.jpg,0.42384413,0
ZGG2UY5HQ8.jpg,0.4885784,1
ILSVRC2012_val_00007885.JPEG,0.016008148,0
F19.jpg,0.3600057,1
57349.jpg,0.4689051,0
ILSVRC2012_val_00003120.JPEG,0.52574253,0
36292.jpg,0.57350814,0
033_biggan_00161.png,0.94015574,1
528_biggan_00127.png,0.15583684,1
7CUOIPS596.jpg,0.78547823,1
n03902125_13253.JPEG,0.07603187,0
n03496892_1392.JPEG,0.079936534,0
278_biggan_00167.png,0.95933044,1
27342.jpg,0.260852,0
LZ0TK5G2EY.jpg,0.43904904,1
41403.jpg,0.47974554,0
45364.jpg,0.38597757,0
65959.jpg,0.37639853,0
9C615P8TL1.jpg,0.57531154,1
n03623198_18926.JPEG,0.11261913,0
CXBWFV70E0.jpg,0.48272786,1
27771.jpg,0.6119208,0
27909.jpg,0.6350851,0
732_biggan_00034.png,0.94786394,1
35592.jpg,0.5270435,0
24913.jpg,0.7957202,0
41299.jpg,0.7632847,0
19682.jpg,0.59385157,0
ZMBHYU5ODD.jpg,0.46631792,1
20992.jpg,0.5686378,0
3P98JECCTJ.jpg,0.4640609,1
61876.jpg,0.44072032,0
n03146219_19107.JPEG,0.13366438,0
n03666591_9686.JPEG,0.0031712865,0
37573.jpg,0.61516875,0
n03976467_9861.JPEG,0.09290632,0
39035.jpg,0.44671103,0
31721.jpg,0.5294886,0
56799.jpg,0.5295419,0
468_biggan_00129.png,0.46641022,1
LSQFH3HQV3.jpg,0.26705858,1
LNXSLDHE6O.jpg,0.4194464,1
282_biggan_00123.png,0.98715043,1
n02892201_10267.JPEG,0.018189033,0
9R99EWNJOI.jpg,0.64193314,1
3L0ME3KCXZ.jpg,0.52896357,1
RJW3ZHGK3B.jpg,0.4167218,1
7M6JZWWMFI.jpg,0.58028984,1
61459.jpg,0.48126,0
n03935335_9034.JPEG,0.23049188,0
30693.jpg,0.34467915,0
2CQE1956CG.jpg,0.56728905,1
Q6QJW5UAZ8.jpg,0.48591697,1
23804.jpg,0.6635697,0
D0PB4AC08O.jpg,0.37931955,1
178_biggan_00005.png,0.88574845,1
ILSVRC2012_val_00029380.JPEG,0.4029246,0
633_biggan_00098.png,0.49516803,1
EZLVV3EWLE.jpg,0.5067424,1
63C2VQKNKM.jpg,0.1439028,1
14297.jpg,0.43265483,0
ILSVRC2012_val_00038847.JPEG,0.43723428,0
11308.jpg,0.2879504,0
525_biggan_00110.png,0.8330113,1
66149.jpg,0.4932551,0
59184.jpg,0.4967085,0
Q1AA9ZSHVW.jpg,0.618173,1
464_biggan_00117.png,0.16288662,1
609_biggan_00017.png,0.54844356,1
6VGF54C8O8.jpg,0.7236272,1
n01514859_10534.JPEG,0.07837069,0
UHCL6Q2IK0.jpg,0.6542045,1
58957.jpg,0.654844,0
56188.jpg,0.5248568,0
28804.jpg,0.67512864,0
2SE7GQW0KV.jpg,0.42797977,1
03031.jpg,0.4790153,0
n03249569_59485.JPEG,0.29477203,0
ILSVRC2012_val_00019445.JPEG,0.29747576,0
UURGY0XM1C.jpg,0.48530895,1
4FK75CA0ZJ.jpg,0.40228564,1
1JFEON2M1O.jpg,0.6660058,1
48574.jpg,0.4643594,0
H4LL6UWQO8.jpg,0.64485955,1
n03785016_10242.JPEG,0.018379988,0
n02480495_4061.JPEG,0.6338173,0
55833.jpg,0.3958625,0
V5I5CF1L3J.jpg,0.4760355,1
38503.jpg,0.33624834,0
06089.jpg,0.6702137,0
TUFWLNBB0E.jpg,0.7108955,1
n09835506_4242.JPEG,0.51781124,0
ILSVRC2012_val_00015217.JPEG,0.4335042,0
12679.jpg,0.5777028,0
17550.jpg,0.44151536,0
27194.jpg,0.6871925,0
HO8TXLITAJ.jpg,0.40258968,1
520_biggan_00127.png,0.6553939,1
147_biggan_00196.png,0.7525222,1
ILSVRC2012_val_00012383.JPEG,0.545271,0
J7MCQ9WPYV.jpg,0.3670258,1
n03127925_29601.JPEG,0.3618124,0
162_biggan_00049.png,0.7701666,1
108_biggan_00064.png,0.93529516,1
46853.jpg,0.53038037,0
320_biggan_00196.png,0.8537039,1
161_biggan_00039.png,0.93528545,1
217_biggan_00156.png,0.95029604,1
ID60HILBC9.jpg,0.45566368,1
n03924679_7856.JPEG,0.28290814,0
SXLHWUNCWD.jpg,0.5523156,1
723_biggan_00086.png,0.9817114,1
24CE6WMA5V.jpg,0.6303349,1
593_biggan_00154.png,0.48931608,1
043RCT8H0W.jpg,0.6247489,1
46KJBWNRT0.jpg,0.49056467,1
15531.jpg,0.5173018,0
37744.jpg,0.40678713,0
497_biggan_00055.png,0.551253,1
42079.jpg,0.40671948,0
J8WNBSCDGR.jpg,0.7001539,1
12499.jpg,0.5757636,0
HJXVUIOK78.jpg,0.37093556,1
n03208938_1876.JPEG,0.5456727,0
n04004767_3413.JPEG,0.11119558,0
46832.jpg,0.42383084,0
RXIVPQAJUS.jpg,0.59507996,1
63535.jpg,0.4972409,0
4PB7R01J0C.jpg,0.5778287,1
23390.jpg,0.552073,0
858_biggan_00167.png,0.91232216,1
NUTBAZ697H.jpg,0.3309332,1
22482.jpg,0.74259055,0
32930.jpg,0.447431,0
525_biggan_00138.png,0.49073336,1
66003.jpg,0.54006475,0
58894.jpg,0.63727045,0
68407.jpg,0.6880934,0
n03825788_14859.JPEG,0.007101873,0
49132.jpg,0.48170027,0
n02666196_2734.JPEG,0.54258215,0
3JIN1DF96G.jpg,0.36073977,1
084_biggan_00083.png,0.90792876,1
n04371430_1013.JPEG,0.09015577,0
1EBLEY1SNO.jpg,0.46594733,1
21273.jpg,0.7228372,0
720_biggan_00030.png,0.3803009,1
44330.jpg,0.53482944,0
YNMK7JZCXZ.jpg,0.61918944,1
55130.jpg,0.40846968,0
JVG337FR3Q.jpg,0.61424416,1
n07584110_2187.JPEG,0.5186931,0
n03954731_46775.JPEG,0.3354049,0
DGJ7DNK8DH.jpg,0.55012876,1
F6HII4EX8C.jpg,0.612843,1
01873.jpg,0.6308647,0
16828.jpg,0.6413913,0
3P7YN5LCPM.jpg,0.6050192,1
964_biggan_00075.png,0.68839705,1
929_biggan_00137.png,0.64538676,1
21731.jpg,0.4594557,0
04789.jpg,0.59417546,0
53106.jpg,0.61804575,0
FLGZUPHO0T.jpg,0.5922813,1
510_biggan_00076.png,0.466399,1
9KMV37AU88.jpg,0.23082335,1
48664.jpg,0.37821448,0
LGAFUH9EBP.jpg,0.34902522,1
33127.jpg,0.41560888,0
3R84SGETYZ.jpg,0.5327874,1
9P1RF76IIO.jpg,0.58504206,1
ILSVRC2012_val_00040064.JPEG,0.43125454,0
01895.jpg,0.65909976,0
7W8V1AKCMK.jpg,0.7200094,1
G3WWAQDUT3.jpg,0.42055833,1
IWQQOOZA5L.jpg,0.7455407,1
61879.jpg,0.3951458,0
149_biggan_00127.png,0.9634419,1
29640.jpg,0.6238858,0
SSXOY62UQ7.jpg,0.5356066,1
RVZOUVVW7W.jpg,0.20393309,1
n04116512_1937.JPEG,0.5859863,0
n02134418_5306.JPEG,0.31760773,0
975_biggan_00150.png,0.48358282,1
B8CA1K2O3F.jpg,0.69224495,1
n03297495_1139.JPEG,0.21540494,0
66074.jpg,0.4558587,0
64935.jpg,0.420827,0
n12144580_10789.JPEG,0.20693253,0
F1AP79WGMN.jpg,0.6462961,1
3OI114NA0F.jpg,0.53259563,1
RBPS3CVUVR.jpg,0.4463357,1
988_biggan_00060.png,0.95750844,1
ILSVRC2012_val_00019266.JPEG,0.71686274,0
01980.jpg,0.58814454,0
ILSVRC2012_val_00026493.JPEG,0.46674976,0
2OZ0XFJHK1.jpg,0.4514601,1
26XVKGQ670.jpg,0.5012,1
n02606052_12350.JPEG,0.04687424,0
518_biggan_00010.png,0.87503636,1
4IGGE8MGZJ.jpg,0.5572623,1
3VW6CLU88W.jpg,0.39440435,1
EVWD8PYN1R.jpg,0.37216032,1
n03825788_51727.JPEG,0.399893,0
R30.jpg,0.4111937,0
ILSVRC2012_val_00008909.JPEG,0.29502818,0
n03089624_34700.JPEG,0.18578693,0
2IP2AT71Y3.jpg,0.55297637,1
37093.jpg,0.6303074,0
n02123394_996.JPEG,0.32118785,0
n02102480_7371.JPEG,0.18358377,0
11LR6JFKNU.jpg,0.572503,1
2MTIQC5AGA.jpg,0.5800987,1
n04479046_1948.JPEG,0.080379285,0
n03345487_11685.JPEG,0.06844547,0
079_biggan_00115.png,0.28528336,1
526_biggan_00143.png,0.48800468,1
n04505470_588.JPEG,0.16820453,0
2QTKQJQ8W3.jpg,0.43485793,1
136_biggan_00021.png,0.7688834,1
36411.jpg,0.38978335,0
DERIRL9DYQ.jpg,0.57852364,1
35229.jpg,0.39328307,0
69182.jpg,0.20626321,0
KALFJKLI6D.jpg,0.5114331,1
GS4T4YWH5M.jpg,0.5563787,1
WC7XTJ2QWE.jpg,0.7795304,1
ILSVRC2012_val_00028656.JPEG,0.03814883,0
R9TFQ7NFP4.jpg,0.55402076,1
121_biggan_00012.png,0.97585166,1
348_biggan_00005.png,0.39057642,1
63444.jpg,0.058303308,0
BFZCH8RHNW.jpg,0.3534023,1
45857.jpg,0.47308165,0
291_biggan_00006.png,0.96767634,1
KY2OPZ3ATR.jpg,0.4952276,1
09471.jpg,0.43044648,0
n04133789_291.JPEG,0.5675919,0
3UDHGXHZNX.jpg,0.35195553,1
H1HE312MAB.jpg,0.35627547,1
49531.jpg,0.55766124,0
08087.jpg,0.6456723,0
07526.jpg,0.6756629,0
44856.jpg,0.5363695,0
7K4D38NWX0.jpg,0.60100657,1
F1PTXZLMU1.jpg,0.6525844,1
54513.jpg,0.5133566,0
n04296562_19676.JPEG,0.4230605,0
377_biggan_00127.png,0.63102967,1
026_biggan_00070.png,0.54169667,1
n03916031_18300.JPEG,0.10522601,0
MK20U2RWEM.jpg,0.37216246,1
16254.jpg,0.38917822,0
WAWOX1ZSFE.jpg,0.55865395,1
30913.jpg,0.22751482,0
n02795169_3803.JPEG,0.28945056,0
n01740131_4021.JPEG,0.050818857,0
042_biggan_00154.png,0.49265116,1
KUDVY6LQUR.jpg,0.3862752,1
69484.jpg,0.5461508,0
5FPS4ENTNU.jpg,0.62433153,1
59412.jpg,0.504012,0
8UKJB14T93.jpg,0.5563297,1
SY40ZOASJO.jpg,0.57070875,1
136_biggan_00057.png,0.9768116,1
40527.jpg,0.43670222,0
07510.jpg,0.4489,0
10079.jpg,0.49660078,0
n01665541_30130.JPEG,0.06933029,0
9LEURXDYQK.jpg,0.38181612,1
11260.jpg,0.3558504,0
27062.jpg,0.46701607,0
66741.jpg,0.38489777,0
24100.jpg,0.5859719,0
n03657121_4760.JPEG,0.35444298,0
6OPEEQUCYV.jpg,0.67251754,1
n02105412_6294.JPEG,0.43122387,0
ZH67ZF0U2B.jpg,0.5000528,1
ILSVRC2012_val_00033446.JPEG,0.059478015,0
I4LFRWYSRW.jpg,0.5077523,1
n01877812_9241.JPEG,0.820935,0
24QIU2MGCF.jpg,0.48360777,1
ILSVRC2012_val_00027567.JPEG,0.033261497,0
14852.jpg,0.60703325,0
08639.jpg,0.20406629,0
219_biggan_00166.png,0.50045323,1
n02268853_2300.JPEG,0.05148011,0
679_biggan_00119.png,0.321604,1
n03729826_2401.JPEG,0.03893186,0
X4LQB9HCY7.jpg,0.47199464,1
n03599486_17488.JPEG,0.20963842,0
55234.jpg,0.39570913,0
038_biggan_00166.png,0.98960936,1
565_biggan_00093.png,0.41955316,1
IA9EB22WOS.jpg,0.4304091,1
6JMX17Q4I5.jpg,0.48673597,1
X4L3VATO3B.jpg,0.51805,1
68702.jpg,0.5059542,0
ILSVRC2012_val_00042962.JPEG,0.027943505,0
47606.jpg,0.40300155,0
40881.jpg,0.19671035,0
ESNIBODKEY.jpg,0.4129241,1
ZQS64ZV4LO.jpg,0.55241007,1
n03733805_12825.JPEG,0.0662411,0
27620.jpg,0.6432517,0
N3VJBHZOFL.jpg,0.27528256,1
65993.jpg,0.60285866,0
63594.jpg,0.22452445,0
37829.jpg,0.5694245,0
60867.jpg,0.70338327,0
55550.jpg,0.7058689,0
37629.jpg,0.51562214,0
ILSVRC2012_val_00039827.JPEG,0.40395337,0
750_biggan_00154.png,0.11318938,1
Q8VYWTE53Y.jpg,0.54037774,1
R22.jpg,0.023398997,0
37994.jpg,0.6833285,0
ILSVRC2012_val_00041948.JPEG,0.13660088,0
K0JK6IFCUX.jpg,0.6868516,1
YTDAR0JNEC.jpg,0.64853454,1
n03095699_3760.JPEG,0.12746486,0
42DMJMLSL4.jpg,0.4222697,1
37245.jpg,0.5030698,0
05676.jpg,0.48410365,0
CQEO6LRV4L.jpg,0.2626879,1
Z8WOHPW8BW.jpg,0.2743588,1
n11939491_51245.JPEG,0.55099756,0
18590.jpg,0.41051596,0
Y4P1GJK1ZO.jpg,0.43473327,1
17433.jpg,0.3410943,0
04446.jpg,0.41533685,0
16726.jpg,0.52849144,0
361_biggan_00159.png,0.67493916,1
19G3VB895B.jpg,0.7246033,1
00011.jpg,0.31541467,0
854_biggan_00138.png,0.68901074,1
26117.jpg,0.5605865,0
10948.jpg,0.45340416,0
257_biggan_00020.png,0.59184146,1
02711.jpg,0.56019145,0
29101.jpg,0.5338712,0
PJFK8SUXRD.jpg,0.65526253,1
33224.jpg,0.111290336,0
6KXYY9DL0T.jpg,0.7181331,1
29023.jpg,0.36347607,0
ILSVRC2012_val_00003416.JPEG,0.71085274,0
051_biggan_00127.png,0.8568136,1
Q8VRGCOUX5.jpg,0.685802,1
466_biggan_00085.png,0.8956416,1
OKAZRBYOPQ.jpg,0.3691262,1
00TN6MYLOE.jpg,0.59249735,1
ILSVRC2012_val_00037913.JPEG,0.03387426,0
44683.jpg,0.56429297,0
13099.jpg,0.43804687,0
n02013706_1619.JPEG,0.04215961,0
624_biggan_00043.png,0.48219287,1
3XO7GXFDZ3.jpg,0.5373179,1
878_biggan_00070.png,0.57974166,1
ILSVRC2012_val_00019187.JPEG,0.6278995,0
25870.jpg,0.5353021,0
n02526121_7983.JPEG,0.07981748,0
n01917289_1784.JPEG,0.061303858,0
455O3TUF2V.jpg,0.62304276,1
NV8AASZTAG.jpg,0.57133573,1
67033.jpg,0.6677251,0
43824.jpg,0.5061341,0
XPWQDQQ579.jpg,0.41568047,1
n02277742_39760.JPEG,0.15750025,0
22602.jpg,0.4847298,0
ILSVRC2012_val_00032943.JPEG,0.12779152,0
56098.jpg,0.1337262,0
35546.jpg,0.45832667,0
6SJO7RL2SP.jpg,0.6168427,1
06782.jpg,0.3905154,0
298_biggan_00179.png,0.5254967,1
8HRRTFEIXD.jpg,0.73813933,1
UGJWSFY2AE.jpg,0.3722951,1
LMYAXRA5IM.jpg,0.35721967,1
GA99R6DMLN.jpg,0.58982354,1
4T6XPCJEJW.jpg,0.5141648,1
61619.jpg,0.6613096,0
11334.jpg,0.88321173,0
FOY1ALXEDU.jpg,0.1858577,1
40643.jpg,0.48154995,0
26391.jpg,0.48604545,0
52638.jpg,0.4728614,0
31561.jpg,0.54428947,0
36742.jpg,0.4743504,0
64799.jpg,0.64679474,0
372_biggan_00039.png,0.9544476,1
ZGJ64DLZUK.jpg,0.66197664,1
G204N438QO.jpg,0.43526164,1
54005.jpg,0.40795746,0
ILSVRC2012_val_00025618.JPEG,0.45366374,0
134_biggan_00061.png,0.9897794,1
63862.jpg,0.5130974,0
756_biggan_00165.png,0.8800509,1
9J98UZYZ86.jpg,0.5939382,1
730_biggan_00076.png,0.9441197,1
OEIDU1T43C.jpg,0.5177489,1
91PPB77EMR.jpg,0.50880635,1
ILSVRC2012_val_00037061.JPEG,0.20147046,0
69196.jpg,0.71278304,0
n02096051_3641.JPEG,0.305576,0
42604.jpg,0.38464972,0
WE6SL6TSF2.jpg,0.74335843,1
55005.jpg,0.7214219,0
n02492660_7131.JPEG,0.2732113,0
344_biggan_00006.png,0.9566283,1
E4WRTKIM1N.jpg,0.5620334,1
954_biggan_00034.png,0.682852,1
49791.jpg,0.52572185,0
38711.jpg,0.5162309,0
F3CZMAZWQ1.jpg,0.4211313,1
EG7USG8Z66.jpg,0.570504,1
M3LT8D5IF7.jpg,0.55476314,1
47354.jpg,0.6482947,0
B3M3YG29DO.jpg,0.4817784,1
15507.jpg,0.59036225,0
X90P30EMBQ.jpg,0.70510364,1
IHCIZMMADV.jpg,0.4724173,1
37373.jpg,0.23626485,0
1WYJWA9NZ1.jpg,0.5379187,1
63695.jpg,0.41777208,0
n01742172_4968.JPEG,0.042571396,0
n02808440_29952.JPEG,0.62939936,0
RQ8JQOMPB0.jpg,0.4672735,1
043_biggan_00045.png,0.32119635,1
NK3R60CVL9.jpg,0.6083488,1
n02009229_2724.JPEG,0.18250664,0
61369.jpg,0.500474,0
MRN9N2LNN8.jpg,0.34882328,1
18449.jpg,0.3070582,0
SSF24YMSCB.jpg,0.70503455,1
895_biggan_00093.png,0.83630645,1
527_biggan_00048.png,0.24156824,1
3XBX3NX1DT.jpg,0.7190728,1
00525.jpg,0.5645693,0
081_biggan_00017.png,0.9577778,1
49689.jpg,0.34456033,0
GJH5H5WB1C.jpg,0.4669061,1
349_biggan_00010.png,0.98624855,1
n04366367_9881.JPEG,0.010167585,0
285_biggan_00176.png,0.7824693,1
49573.jpg,0.37665915,0
183_biggan_00034.png,0.96765465,1
55668.jpg,0.40290546,0
n03871628_5038.JPEG,0.023047693,0
25968.jpg,0.74700767,0
C1UF9PFTEF.jpg,0.5515429,1
MG1J52NAER.jpg,0.11782011,1
8VF6KSJPT3.jpg,0.5991931,1
19965.jpg,0.067761146,0
U1D0Q2A4UF.jpg,0.41511428,1
11682.jpg,0.48322442,0
09344.jpg,0.4871741,0
MV9GRT0LSK.jpg,0.46885756,1
05314.jpg,0.2706755,0
45097.jpg,0.4462115,0
073_biggan_00186.png,0.95187515,1
14950.jpg,0.40673253,0
9IJA8448MF.jpg,0.5719047,1
CP8VPG48VZ.jpg,0.38771164,1
01743.jpg,0.41041714,0
22511.jpg,0.38073993,0
34352.jpg,0.9080743,0
1D34V9HIOQ.jpg,0.392745,1
RXFQ3ZOOKQ.jpg,0.6478373,1
7REA7EYR1O.jpg,0.61685026,1
U1J0RQCGDI.jpg,0.53329074,1
CVVIVY9PJ7.jpg,0.7730401,1
UU29KGSGDD.jpg,0.4855547,1
748_biggan_00020.png,0.7982031,1
44765.jpg,0.4555224,0
DLIF3XQ0O9.jpg,0.8694535,1
43629.jpg,0.5678546,0
08946.jpg,0.4301941,0
AP8V0IO65U.jpg,0.59419036,1
LMTKGIS16Z.jpg,0.70887566,1
303_biggan_00052.png,0.9648456,1
578_biggan_00087.png,0.6158056,1
57986.jpg,0.7833978,0
n03743016_17823.JPEG,0.40759158,0
583_biggan_00183.png,0.8087949,1
V0SL5JR0EX.jpg,0.59892327,1
200UMQN7VL.jpg,0.401992,1
GS854OXOQX.jpg,0.59879714,1
L6ZE0J5OWA.jpg,0.59885603,1
n04254680_14252.JPEG,0.8082337,0
310_biggan_00142.png,0.6013232,1
17324.jpg,0.4830269,0
26803.jpg,0.7503652,0
62629.jpg,0.58511305,0
214_biggan_00014.png,0.75863993,1
896_biggan_00127.png,0.51551044,1
ILSVRC2012_val_00023735.JPEG,0.5163306,0
742_biggan_00014.png,0.7105563,1
ILSVRC2012_val_00003184.JPEG,0.15300769,0
XXD499J79N.jpg,0.41528672,1
536_biggan_00062.png,0.46897057,1
700_biggan_00088.png,0.5525579,1
840_biggan_00034.png,0.44587058,1
CO71WWM141.jpg,0.62139446,1
U8TTAXX069.jpg,0.48504466,1
679_biggan_00007.png,0.19269261,1
n02445715_13240.JPEG,0.037407573,0
13021.jpg,0.7874522,0
45795.jpg,0.44778955,0
56043.jpg,0.50983393,0
48759.jpg,0.4421388,0
7IWM35QZ9Y.jpg,0.49623287,1
V9LYLK9G8U.jpg,0.6064888,1
2Y1L9QVZ9D.jpg,0.40685958,1
859_biggan_00124.png,0.39581022,1
751_biggan_00118.png,0.71321875,1
HQB4JCCUJQ.jpg,0.64861995,1
64134.jpg,0.37799144,0
n01601694_1742.JPEG,0.41149643,0
44084.jpg,0.5644547,0
06944.jpg,0.46355203,0
HH4XB4RMC9.jpg,0.6263271,1
T18V27DUCG.jpg,0.5414486,1
05NJ1PVNC4.jpg,0.47824737,1
n01685808_3251.JPEG,0.028170183,0
n01675722_4363.JPEG,0.053227507,0
OSD04NPNTU.jpg,0.42759132,1
UG33GM3PFF.jpg,0.59170145,1
n02129165_11097.JPEG,0.92946774,0
TDB1H735A3.jpg,0.31937346,1
67753.jpg,0.47113517,0
15309.jpg,0.28750825,0
L9EXW300TN.jpg,0.69461405,1
45271.jpg,0.6665807,0
n04125021_9375.JPEG,0.41775978,0
63673.jpg,0.65394783,0
28894.jpg,0.46791637,0
47794.jpg,0.5000054,0
21799.jpg,0.706168,0
10880.jpg,0.5180209,0
XJFG92HLLE.jpg,0.37040716,1
ILSVRC2012_val_00021297.JPEG,0.4684395,0
986_biggan_00131.png,0.98701674,1
EXIUGI98GF.jpg,0.51876414,1
00968.jpg,0.5534454,0
088_biggan_00198.png,0.9507412,1
66265.jpg,0.392449,0
33933.jpg,0.48308474,0
n01873310_3965.JPEG,0.83373684,0
N0NOX5PWHS.jpg,0.5473196,1
29485.jpg,0.58415514,0
n02641379_27875.JPEG,0.077610776,0
ILSVRC2012_val_00009344.JPEG,0.45814452,0
RRUNQEDUFU.jpg,0.378279,1
U2RSNH7AW8.jpg,0.6534329,1
39449.jpg,0.58752227,0
1W9X487BKU.jpg,0.46144253,1
01506.jpg,0.41742325,0
n07930864_12942.JPEG,0.018464986,0
905_biggan_00074.png,0.38711354,1
03793.jpg,0.44858414,0
n03450230_6649.JPEG,0.45223644,0
360_biggan_00020.png,0.22260028,1
32228.jpg,0.5162164,0
49513.jpg,0.40849432,0
970_biggan_00053.png,0.44311994,1
9S35WY17LL.jpg,0.5939705,1
46637.jpg,0.61172336,0
ILSVRC2012_val_00044402.JPEG,0.3813527,0
83JSFQ68WC.jpg,0.4315371,1
n02110806_6668.JPEG,0.63814986,0
UWICQDYFHP.jpg,0.68175864,1
X63Q1JFH6M.jpg,0.5699837,1
02Q9VQSTFT.jpg,0.45447147,1
320_biggan_00102.png,0.861887,1
YNDFRCLZ2K.jpg,0.39795673,1
119_biggan_00086.png,0.98346776,1
28984.jpg,0.6680918,0
53526.jpg,0.77425164,0
896_biggan_00187.png,0.6461854,1
63045.jpg,0.51389444,0
2QJ4XQBX13.jpg,0.79354554,1
6DFMD696CQ.jpg,0.4585066,1
073_biggan_00056.png,0.8714496,1
17358.jpg,0.6976478,0
O9EUBL7W2T.jpg,0.51146513,1
06795.jpg,0.5159244,0
27701.jpg,0.5489444,0
FS9AYU03V1.jpg,0.5032672,1
285_biggan_00010.png,0.82294667,1
23046.jpg,0.5352788,0
HU7RQEAVNI.jpg,0.44811586,1
908_biggan_00050.png,0.7012838,1
n01990800_1074.JPEG,0.7924331,0
58661.jpg,0.6777678,0
V1G8UFO959.jpg,0.39544132,1
ILSVRC2012_val_00019321.JPEG,0.5222668,0
65121.jpg,0.42566818,0
68929.jpg,0.39811733,0
GFBCNTCIRV.jpg,0.46313706,1
5IA0APDB99.jpg,0.62387365,1
LBQWCCWBE9.jpg,0.46885157,1
n02091032_1497.JPEG,0.03847824,0
13332.jpg,0.691095,0
488_biggan_00163.png,0.4079478,1
55EE1M3ESR.jpg,0.25472373,1
925_biggan_00170.png,0.7105563,1
WBS5Z2Y25W.jpg,0.62706506,1
51537.jpg,0.615553,0
62501.jpg,0.620171,0
10855.jpg,0.37021506,0
04368.jpg,0.484806,0
14057.jpg,0.20497325,0
N9JYGX3YOA.jpg,0.58031905,1
57377.jpg,0.75270075,0
J61GQPHIFL.jpg,0.44705823,1
17104.jpg,0.4205257,0
28461.jpg,0.57082975,0
n01682714_5337.JPEG,0.3469919,0
936_biggan_00095.png,0.9794996,1
9KI1AV3TL9.jpg,0.66830707,1
n02095889_14188.JPEG,0.4619429,0
22528.jpg,0.40775526,0
64BFIV5I2W.jpg,0.49817088,1
58969.jpg,0.25095218,0
BPPDQXB9Q4.jpg,0.59785396,1
KQFT3H7SQH.jpg,0.62033135,1
14TY1MVC6L.jpg,0.63016576,1
ILSVRC2012_val_00008635.JPEG,0.36833882,0
600_biggan_00033.png,0.10465879,1
548_biggan_00020.png,0.59132403,1
41882.jpg,0.37988588,0
S2UDX9SHF1.jpg,0.38405302,1
n02110627_9332.JPEG,0.864659,0
IX6WBGD7RZ.jpg,0.33700207,1
47178.jpg,0.4627378,0
06363.jpg,0.8279078,0
n02102973_4677.JPEG,0.019405384,0
n04532106_1567.JPEG,0.36801592,0
CNEN22N9W4.jpg,0.5328821,1
SQ9014B6Q3.jpg,0.6287946,1
137_biggan_00006.png,0.4577824,1
66405.jpg,0.5247752,0
173_biggan_00039.png,0.5792435,1
47879.jpg,0.53692454,0
53TP2ZIWBW.jpg,0.48162788,1
QBJPG63EM0.jpg,0.3309598,1
ILJM4T9CY9.jpg,0.67289424,1
52259.jpg,0.64180154,0
284_biggan_00047.png,0.88720953,1
17579.jpg,0.52146983,0
569VNVR164.jpg,0.5907704,1
15JTNLQDHD.jpg,0.53908247,1
370_biggan_00024.png,0.98264575,1
48264.jpg,0.62468207,0
N37J27QIUA.jpg,0.6034306,1
L5OS0Y2J3D.jpg,0.54449695,1
GMKQHMV8ZR.jpg,0.45283642,1
42763.jpg,0.42656362,0
MIG5X5LR6B.jpg,0.47067916,1
599_biggan_00185.png,0.98160857,1
39239.jpg,0.65421563,0
n03982430_14108.JPEG,0.013824197,0
D5JBBE4Y6S.jpg,0.6705444,1
P8OHX2GDOF.jpg,0.6371094,1
46516.jpg,0.7284702,0
243_biggan_00039.png,0.62033993,1
59713.jpg,0.5103302,0
n03445924_3323.JPEG,0.6095733,0
22915.jpg,0.5713816,0
597_biggan_00109.png,0.695289,1
3RZEIIJW9A.jpg,0.6144517,1
39543.jpg,0.6310221,0
52662.jpg,0.46226314,0
PPY37IHN4W.jpg,0.51719004,1
116_biggan_00141.png,0.98039883,1
46322.jpg,0.49246404,0
n03854065_4599.JPEG,0.36872864,0
415_biggan_00093.png,0.79371554,1
69560.jpg,0.42839053,0
675_biggan_00144.png,0.4236239,1
27584.jpg,0.5806225,0
68335.jpg,0.36582616,0
43693.jpg,0.4513691,0
DTT7CQDBY6.jpg,0.4811904,1
48181.jpg,0.535517,0
n04209239_1848.JPEG,0.46960166,0
971_biggan_00094.png,0.5175269,1
16842.jpg,0.56540924,0
S0YVRUW1NM.jpg,0.590211,1
57141.jpg,0.414782,0
JF4XOG9W7C.jpg,0.46952087,1
R32.jpg,0.59745514,0
6D46LU27R9.jpg,0.5547015,1
ILSVRC2012_val_00048627.JPEG,0.66727215,0
57544.jpg,0.30388638,0
n07614500_31907.JPEG,0.5210596,0
V0N0WJHGDI.jpg,0.43077478,1
36471.jpg,0.4358309,0
2ABZ27302P.jpg,0.56939167,1
2LOHL7EMGT.jpg,0.80832213,1
T313B9L7F4.jpg,0.47159812,1
408_biggan_00075.png,0.5549993,1
n03584829_32308.JPEG,0.26525992,0
n02233338_10352.JPEG,0.64642054,0
51231.jpg,0.36396492,0
879_biggan_00127.png,0.8207894,1
637_biggan_00105.png,0.9165248,1
0DMDKAKLFQ.jpg,0.47394282,1
50577.jpg,0.3194412,0
74HOI4LHZV.jpg,0.28627992,1
n02110341_1824.JPEG,0.14042403,0
949_biggan_00196.png,0.95362043,1
315_biggan_00044.png,0.55877286,1
43279.jpg,0.5425418,0
NZ044UBIX7.jpg,0.62222445,1
n07684084_2153.JPEG,0.13742946,0
ILSVRC2012_val_00009988.JPEG,0.1431523,0
TSFS7F6Z0D.jpg,0.5689955,1
GKCNQFXMF1.jpg,0.4784115,1
n02109961_18644.JPEG,0.84494174,0
n02086910_919.JPEG,0.10310728,0
69005.jpg,0.38266474,0
52350.jpg,0.6254076,0
GLU8FDW0Z8.jpg,0.62900686,1
XWQLLPOOJL.jpg,0.5032974,1
184_biggan_00095.png,0.75692433,1
n03866082_5700.JPEG,0.5684941,0
986_biggan_00110.png,0.96339613,1
47418.jpg,0.43859747,0
504_biggan_00118.png,0.56774807,1
n03803284_1224.JPEG,0.15029724,0
ILSVRC2012_val_00031766.JPEG,0.96374965,0
21839.jpg,0.6678858,0
28891.jpg,0.34108734,0
67099.jpg,0.37257433,0
SK3JZ1HKVG.jpg,0.73503655,1
HGEM4AUS2S.jpg,0.3843003,1
26811.jpg,0.11656056,0
506_biggan_00142.png,0.4896322,1
38467.jpg,0.4517381,0
TNFUT0XAAD.jpg,0.75005597,1
539_biggan_00188.png,0.6397869,1
837_biggan_00014.png,0.3119222,1
n03976467_1969.JPEG,0.041423917,0
n01985128_19412.JPEG,0.418209,0
909_biggan_00183.png,0.53703797,1
U4GROQN78N.jpg,0.6327252,1
3SJWUFIGTU.jpg,0.48732296,1
n02782093_13508.JPEG,0.3900201,0
FLGO6H3E5T.jpg,0.588901,1
YKPRI7FZSH.jpg,0.5488271,1
R8GLKPSM0O.jpg,0.6174313,1
n01798484_121.JPEG,0.39422813,0
660_biggan_00093.png,0.55721146,1
24743.jpg,0.45333722,0
30393.jpg,0.38806605,0
50348.jpg,0.6115641,0
ILSVRC2012_val_00034059.JPEG,0.05970598,0
617_biggan_00051.png,0.5685834,1
08630.jpg,0.31910124,0
n04208210_7362.JPEG,0.2054647,0
ZPSFB45X6S.jpg,0.5606925,1
NH3G7AE4ZF.jpg,0.2813036,1
UGC8XK2LGQ.jpg,0.42019624,1
541_biggan_00056.png,0.5238831,1
24381.jpg,0.3686063,0
220_biggan_00088.png,0.9195572,1
645_biggan_00178.png,0.849697,1
05173.jpg,0.44742262,0
N9W0A08IN7.jpg,0.6176967,1
L5NLSFSEOY.jpg,0.5581641,1
506_biggan_00161.png,0.42008784,1
n04483307_3674.JPEG,0.26793557,0
179_biggan_00068.png,0.9652044,1
ILSVRC2012_val_00006772.JPEG,0.21626563,0
53764.jpg,0.46639207,0
n02101556_7186.JPEG,0.6109934,0
n04604644_5559.JPEG,0.029602358,0
05480.jpg,0.55904824,0
63439.jpg,0.4393358,0
33042.jpg,0.38082945,0
612_biggan_00134.png,0.934361,1
66511.jpg,0.4608703,0
OPW6IS3DDC.jpg,0.4540957,1
584_biggan_00124.png,0.33492684,1
n03196217_2978.JPEG,0.65107036,0
n02104029_1337.JPEG,0.64328533,0
087_biggan_00073.png,0.8093549,1
UQVF79Z13G.jpg,0.51311296,1
18057.jpg,0.5862721,0
A5DI8CETY1.jpg,0.57309157,1
36976.jpg,0.57829386,0
351_biggan_00066.png,0.8016101,1
975_biggan_00188.png,0.5967327,1
1XC0MTLX3I.jpg,0.43621546,1
C4V91N46Z4.jpg,0.4642779,1
67083.jpg,0.48368415,0
073_biggan_00141.png,0.78321356,1
10808.jpg,0.3575767,0
660_biggan_00155.png,0.52105016,1
TXWII6AB41.jpg,0.68867046,1
14299.jpg,0.41871962,0
n07754684_30424.JPEG,0.6635765,0
46069.jpg,0.4839707,0
n03623198_3019.JPEG,0.13864395,0
PKBFUPDNS7.jpg,0.62386006,1
08134.jpg,0.37658328,0
ILSVRC2012_val_00046089.JPEG,0.14855123,0
13056.jpg,0.44913685,0
R9ZOKJCX5D.jpg,0.5576588,1
VKNR9H07JY.jpg,0.14267208,1
15155.jpg,0.50472504,0
64519.jpg,0.37434155,0
n04069434_15952.JPEG,0.37320727,0
n02088238_3004.JPEG,0.58721447,0
67846.jpg,0.3991108,0
42764.jpg,0.516678,0
QE4TVOV4SU.jpg,0.5104904,1
18171.jpg,0.67061454,0
115_biggan_00032.png,0.9649948,1
AF2EUZUGW4.jpg,0.4313293,1
24390.jpg,0.103575304,0
O4OLRNEQQQ.jpg,0.51537573,1
J6S0FNL8AM.jpg,0.61681706,1
34453.jpg,0.640239,0
58685.jpg,0.43288204,0
n03930313_1639.JPEG,0.1665584,0
67542.jpg,0.6295108,0
MOI5OFJ4Y5.jpg,0.5193205,1
9ALLZUSBY4.jpg,0.42075434,1
818_biggan_00127.png,0.27519318,1
K3LY4V34N5.jpg,0.34217963,1
182_biggan_00127.png,0.9852658,1
60497.jpg,0.5020335,0
R10I2UYCI3.jpg,0.6245719,1
103_biggan_00011.png,0.768609,1
P1MX9IDU2R.jpg,0.37219432,1
PCRCG9DJIV.jpg,0.66037077,1
44404.jpg,0.5515628,0
A19NCPDYQ7.jpg,0.4417305,1
QS5BFXIH7B.jpg,0.19563055,1
n02509815_6355.JPEG,0.08361004,0
n02088364_622.JPEG,0.53447986,0
858_biggan_00143.png,0.14592503,1
21313.jpg,0.3279226,0
DFY8R211W5.jpg,0.5532908,1
44855.jpg,0.3708698,0
BDEH3TDSQ6.jpg,0.5841502,1
56594.jpg,0.24813738,0
66484.jpg,0.5049847,0
08948.jpg,0.40086344,0
n01695060_13981.JPEG,0.093181185,0
58258.jpg,0.41509697,0
254_biggan_00176.png,0.7448009,1
33723.jpg,0.48396322,0
YMUD5U7SR6.jpg,0.72925043,1
n02089867_1350.JPEG,0.5490605,0
HSKPNS61P2.jpg,0.43913013,1
3X2NHOSKMD.jpg,0.55017173,1
1CR8EGSSGO.jpg,0.43312153,1
n02791124_3805.JPEG,0.012117692,0
QHSZ1T95QS.jpg,0.5521543,1
11892.jpg,0.45831242,0
OLFRDRO68M.jpg,0.45899573,1
WAUYWW32CT.jpg,0.49943054,1
698ICBR1K6.jpg,0.6302669,1
03521.jpg,0.87426114,0
234_biggan_00039.png,0.73589534,1
37725.jpg,0.5997957,0
708_biggan_00061.png,0.6688569,1
n01755581_15111.JPEG,0.26249385,0
51ZGC0VWRA.jpg,0.6800374,1
VWQDQ6Z7Y0.jpg,0.45439264,1
33978.jpg,0.4780667,0
36772.jpg,0.53374237,0
15252.jpg,0.35492018,0
ILSVRC2012_val_00012742.JPEG,0.302725,0
SMCP5Z37D8.jpg,0.5411579,1
K1N229GLUH.jpg,0.562182,1
00792.jpg,0.57838947,0
n02107142_56479.JPEG,0.034111373,0
41793.jpg,0.6463996,0
34588.jpg,0.6696377,0
20289.jpg,0.45638478,0
6OYSTZL7O0.jpg,0.48849192,1
66724.jpg,0.67442673,0
FXDUSCJXKJ.jpg,0.48899782,1
31008.jpg,0.49917632,0
69824.jpg,0.5440469,0
164_biggan_00091.png,0.7156145,1
ILSVRC2012_val_00012095.JPEG,0.17864536,0
RJQJWZRQPY.jpg,0.46144375,1
SREH1AOVB9.jpg,0.5204818,1
059_biggan_00049.png,0.9539099,1
810_biggan_00057.png,0.4496554,1
V4209MAT20.jpg,0.44283456,1
7TXZ4EZB2V.jpg,0.6939768,1
16819.jpg,0.6554496,0
PG6R5QJ6OH.jpg,0.484254,1
18JYLAOZ7J.jpg,0.6045986,1
0XZKPRKBFW.jpg,0.52952594,1
n02457408_968.JPEG,0.7652154,0
n01491361_7778.JPEG,0.42331243,0
R68E4U1TVS.jpg,0.5565989,1
AH07RPKVFW.jpg,0.4812485,1
ILSVRC2012_val_00034607.JPEG,0.06659728,0
09003.jpg,0.4635747,0
A9TZ2WUWIW.jpg,0.56169236,1
RWUI9IUVTL.jpg,0.4041447,1
